id,produit,nom,premier_mot,genre,nombre,dernière lettre
38,451,Abattant de WC en porcelaine,Abattant,masculin,singulier,t
40,451,Abattant de WC en céramique,Abattant,masculin,singulier,t
42,209,Abattant de WC en plastique,Abattant,masculin,singulier,t
44,450,Abattant de WC en bois,Abattant,masculin,singulier,t
227,244,Abrasifs (en feuille ou en rouleaux),Abrasifs,masculin,pluriel,s
229,244,Abri à bûches,Abri,masculin,singulier,i
230,244,Abri de jardin,Abri,masculin,singulier,i
231,244,Abri non maçonné,Abri,masculin,singulier,i
232,244,Abri pour poubelle,Abri,masculin,singulier,i
233,244,Abri pour robot tondeuse,Abri,masculin,singulier,i
822,167,Abricot abîmé,Abricot,masculin,singulier,t
798,1,Accessoire automobile (et deux-roues) électronique,Accessoire,masculin,singulier,e
1529,369,Accessoire de canoë kayak non électrique,Accessoire,masculin,singulier,e
1530,369,"Accessoire de trottinette (roue, poignée, autre composant plastique)",Accessoire,masculin,singulier,e
1531,369,"Accessoire de vélo (antivol, bagagerie, panier, sonnette, pompe, gourde, bidon et porte-bidon)",Accessoire,masculin,singulier,e
1535,369,"Accessoire de sport (baseball, basketball, football, handball, football américain, hockey, rugby, volley, handball, Athlétisme, gymnastique, yoga, pilate, danse, fitness, musculation, capoeira, cheerleading, cirque, fléchettes)",Accessoire,masculin,singulier,e
1572,369,Accessoire aquafitness,Accessoire,masculin,singulier,e
1750,225,"Accessoire pour meuble (taquet, équerre, patte, charnière, vis spécifiquement dédiées)",Accessoire,masculin,singulier,e
1836,225,"Accessoire de pose ou d'accrochage (dévidoir, dérouleur, distributeur, support...)",Accessoire,masculin,singulier,e
234,244,Accessoires de culture,Accessoires,masculin,pluriel,s
235,244,Accessoires de manutention,Accessoires,masculin,pluriel,s
541,194,Accessoires pour poupon ou poupée,Accessoires,masculin,pluriel,s
794,2,Accessoires automobiles (et deux-roues) non électroniques,Accessoires,masculin,pluriel,s
1662,39,Accumulateur,Accumulateur,masculin,singulier,r
530,3,Acétone,Acétone,masculin,singulier,e
786,4,Acide,Acide,masculin,singulier,e
687,319,Adaptateur de flacon,Adaptateur,masculin,singulier,r
706,347,Aérateur démousseur thermique,Aérateur,masculin,singulier,r
1899,225,Agenouilloire,Agenouilloire,masculin,singulier,e
196,164,Agrafeuse,Agrafeuse,masculin,singulier,e
236,244,Agrafeuse (de bricolage),Agrafeuse,masculin,singulier,e
237,244,Agrafes de grillage,Agraphes,féminin,pluriel,s
682,5,Aiguille à stylo,Aiguille,masculin,singulier,e
683,5,Aiguille de transfert,Aiguille,masculin,singulier,e
684,5,Aiguille seule (médicale),Aiguille,masculin,singulier,e
685,5,Aiguille usagée (médicale),Aiguille,masculin,singulier,e
1192,322,Alarme,Alarme,masculin,singulier,e
784,6,Alcool ménager,Alcool,masculin,singulier,l
785,6,Alcool à brûler,Alcool,masculin,singulier,l
1458,203,Alèse,Alèse,masculin,singulier,e
1410,220,Alimentation sans interruption,Alimentation,masculin,singulier,n
1345,124,Aliments pourris,Aliments,masculin,pluriel,s
1358,7,Aliments compostables,Aliments,masculin,pluriel,s
103,284,Allume-barbecue,Allume-barbecue,masculin,singulier,e
797,1,Allume-cigare,Allume-cigare,masculin,singulier,e
107,8,Allume-feu,Allume-feu,masculin,singulier,u
106,8,Allume-feux,Allume-feux,masculin,pluriel,x
1188,55,Allumettes,Allumettes,féminin,pluriel,s
783,9,Amendements,Amendements,masculin,pluriel,s
782,10,Amiante,Amiante,masculin,singulier,e
780,11,Ammoniaque,Ammoniaque,masculin,singulier,e
1715,225,Amortisseur mécanique pour meuble,Amortisseur,masculin,singulier,r
178,13,ampoule à incandescence,ampoule,masculin,singulier,e
182,13,Ampoule classique (à incandescence),Ampoule,masculin,singulier,e
184,410,Ampoule,Ampoule,masculin,singulier,e
717,12,Ampoule basse consommation,Ampoule,masculin,singulier,e
180,13,ampoules à filaments,ampoules,féminin,pluriel,s
238,244,Anneau de levage,Anneau,masculin,singulier,u
1367,212,Annuaire,Annuaire,masculin,singulier,e
80,364,Anorak,Anorak,masculin,singulier,k
1263,110,Anti-cernes,Anti-cernes,masculin,singulier,s
896,285,Anti-goudron,Anti-goudron,masculin,singulier,n
532,14,Anti-moisissures,Anti-moisissures,masculin,pluriel,s
534,14,Anti-mousse,Anti-mousse,masculin,singulier,e
191,15,Anti-rouille,Anti-rouille,masculin,singulier,e
891,285,Antigel,Antigel,masculin,singulier,l
115,16,Antivol,Antivol,masculin,singulier,l
1501,18,Appareil photo numérique,Appareil,masculin,singulier,l
32,265,Appareil à raclette,Appareil,masculin,singulier,l
1500,18,Appareil photo,Appareil,masculin,singulier,l
1499,17,Appareil photo jetable,Appareil,masculin,singulier,l
1532,369,Appareil de fitness non électrique,Appareil,masculin,singulier,l
898,285,Appât,Appât,masculin,singulier,t
239,244,Appentis,Appentis,masculin,singulier,s
690,319,Applicateur médical (DASRI),Applicateur,masculin,singulier,r
1950,96,Après-ski,Après-ski,masculin,pluriel,i
1735,225,Arbre à chat,Arbre,masculin,singulier,e
1616,369,Arc (sport de tir de précision),Arc,masculin,singulier,c
1625,21,Arc (arme),Arc,masculin,singulier,c
240,244,Arche,Arche,masculin,singulier,e
1630,19,Ardoises,Ardoises,féminin,pluriel,s
1690,225,Argentier,Argentier,masculin,singulier,r
581,194,Arme factice (jouet),Arme,masculin,singulier,e
669,374,Arme d'entraînement,Arme,masculin,singulier,e
776,20,Arme à feu,Arme,masculin,singulier,e
1627,21,Arme blanche,Arme,masculin,singulier,e
228,244,Armoire de jardin,Armoire,masculin,singulier,e
1688,225,Armoire,Armoire,masculin,singulier,e
1811,225,Armoire de toilette,Armoire,masculin,singulier,e
1751,225,Armoire-lit,Armoire-lit,masculin,singulier,t
241,244,Arrache-liteaux,Arrache-liteaux,masculin,singulier,x
242,244,Arrosage goutte à goutte,Arrosage,masculin,singulier,e
243,244,Arroseur,Arroseur,masculin,singulier,r
244,244,Arrosoir,Arrosoir,masculin,singulier,r
1533,369,Article pour la pêche à la ligne,Article,masculin,pluriel,e
1574,369,Article de natation,Article,masculin,singulier,e
1617,369,Article de sport,Article,masculin,singulier,e
604,194,"Articles de sport d'extérieur pour enfant (jouet : raquette, boule de pétanque en plastique...)",Articles,masculin,pluriel,s
1934,23,Articles en cuir (hors chaussures),Articles,masculin,pluriel,s
694,347,"Aspirateur souffleur thermique, aspirateur souffleur broyeur thermique",Aspirateur,masculin,singulier,r
1336,24,Aspirateur,Aspirateur,masculin,singulier,r
1251,355,Assiette,Assiette,masculin,singulier,e
1858,225,"Assise médicale (non électrique, non motorisée)",Assise,masculin,singulier,e
985,177,Assistant de conduite,Assistant,masculin,singulier,t
791,2,Attelage,Attelage,masculin,singulier,e
1943,452,attelle,attelle,masculin,singulier,e
934,202,Aubergines,Aubergines,féminin,pluriel,s
245,244,Auge,Auge,masculin,singulier,e
486,357,Automobile,Automobile,masculin,singulier,e
689,319,Autopiqueur (DASRI),Autopiqueur,masculin,singulier,r
1498,25,Autoradio,Autoradio,masculin,singulier,o
984,177,Avertisseur de radars,Avertisseur,masculin,singulier,r
560,194,Avion non motorisé,Avion,masculin,singulier,n
1534,369,Aviron,Aviron,masculin,singulier,n
1440,96,Babouches,Babouches,féminin,pluriel,s
580,194,Babyfoot pour enfant (jouet),Babyfoot,masculin,singulier,t
1576,369,Babyfoot,Babyfoot,masculin,singulier,t
170,448,Bac plat à peinture (bricolage),Bac,masculin,singulier,c
172,448,Bac et camion à peinture (bricolage),Bac,masculin,singulier,c
246,244,Bac à fleur,Bac,masculin,singulier,c
1752,225,Bac de rangement,Bac,masculin,singulier,c
1753,225,Bac de rangement à roulettes,Bac,masculin,singulier,c
1901,225,Bac à BD,Bac,masculin,singulier,c
1902,225,Bac à livres,Bac,masculin,singulier,c
247,244,Bâche,Bâche,féminin,singulier,e
248,244,Bâche de bricolage,Bâche,féminin,singulier,e
249,244,Bâche de protection,Bâche,féminin,pluriel,e
989,184,Baffles,Baffles,masculin,pluriel,s
1903,225,Bahut,Bahut,masculin,singulier,t
513,217,Baignoire en céramique,Baignoire,féminin,singulier,e
615,27,Baignoire,Baignoire,féminin,singulier,e
616,26,Baignoire (en fonte),Baignoire,féminin,singulier,e
771,27,Baignoire (en résine ou acrylique),Baignoire,féminin,singulier,e
770,28,"Bain photographique (révélateur, fixateur...)",Bain,masculin,singulier,n
1860,225,Bain de soleil,bain,masculin,singulier,n
994,29,Baladeur,Baladeur,masculin,singulier,r
250,244,Balai à gazon,Balai,masculin,singulier,i
761,31,Balai d'essuie-glace,Balai,masculin,singulier,i
765,30,Balai en bois,Balai,masculin,singulier,i
766,30,Balai en plastique,Balai,masculin,singulier,i
767,30,Balai,Balai,masculin,singulier,i
762,30,Balai-brosse,Balai-brosse,masculin,singulier,e
1904,225,Balancelle de jardin,Balancelle,féminin,singulier,e
1075,370,Balançoire,Balançoire,féminin,singulier,e
763,30,Balayette,Balayette,féminin,singulier,e
251,244,Balconnière,Balconnière,féminin,singulier,e
1076,370,Balle de golf,Balle,féminin,singulier,e
1077,370,"Balle de sport de raquette (badminton, squash, ping-pong)",Balle,féminin,singulier,e
1078,370,Balle de baseball,Balle,féminin,singulier,e
1130,370,"Balle de sport (gymnastique, yoga, pilates, musculation, capoeira, cheerleading, cirque)",Balle,féminin,singulier,e
1131,371,Balle de tennis,Balle,féminin,singulier,e
1441,96,Ballerines,Ballerines,féminin,pluriel,s
564,194,Ballon de baudruche,Ballon,masculin,singulier,n
583,194,Ballon sauteur,Ballon,masculin,singulier,n
1536,369,ballon,ballon,masculin,singulier,n
823,167,Banane abîmée,Banane,féminin,singulier,e
1681,225,Banc,Banc,masculin,singulier,c
1862,225,Banc-coffre,Banc-coffre,masculin,singulier,e
252,244,Bande de ponçage,Bande,féminin,pluriel,e
1143,423,Bande d'accrochage de rideau,Bande,féminin,singulier,e
1144,423,Bande d'ancrage de rideau,Bande,féminin,singulier,e
1739,225,Bande de chant,Bande,féminin,singulier,e
1658,208,Bande-dessinée (album),Bande-dessinée,féminin,singulier,e
1784,225,Bandeau de four,Bandeau,masculin,singulier,u
7,32,Barbecue,Barbecue,masculin,singulier,e
8,33,Barbecue jetable,Barbecue,masculin,singulier,e
129,145,Barbecue électrique,Barbecue,masculin,singulier,e
253,244,"Barbecue (feu de bois, à gaz, fumoir)",Barbecue,masculin,singulier,e
757,32,Barbecue à gaz,Barbecue,masculin,singulier,e
758,32,Barbecue à combustible,Barbecue,masculin,singulier,e
808,170,Baril de pétrole,Baril,masculin,singulier,l
1040,34,Baril de lessive (en carton),Baril,masculin,singulier,l
1216,35,Baril de lessive (en plastique),Baril,masculin,singulier,l
1043,36,Barquette en aluminium,Barquette,féminin,singulier,e
1139,52,Barquette en carton,Barquette,féminin,singulier,e
1221,37,Barquette,Barquette,féminin,singulier,e
1222,37,Barquette en plastique (dont polystyrène),Barquette,féminin,singulier,e
1255,432,Barquette réemployable,Barquette,féminin,singulier,e
1256,432,Barquette consignée,Barquette,féminin,singulier,e
254,244,Barre à creuser,Barre,féminin,singulier,e
255,244,Barre à mine,Barre,féminin,singulier,e
793,2,Barre de remorquage,Barre,féminin,singulier,e
1909,225,Barrière de lit,Barrière,féminin,singulier,e
1433,96,Baskets,Baskets,féminin,pluriel,s
256,244,Bassin,Bassin,masculin,singulier,n
755,38,Bassine,Bassine,féminin,singulier,e
756,38,Bassine en plastique,Bassine,féminin,singulier,e
561,194,Bateau non motorisé,Bateau,masculin,singulier,u
1284,421,Bateau à moteur,Bateau,masculin,singulier,u
1288,421,Bateau de pêche promenade,Bateau,masculin,singulier,u
1290,421,Bateau pneumatique,Bateau,masculin,singulier,u
1291,421,Bateau semi-rigide,Bateau,masculin,singulier,u
1293,421,Bateau de plaisance et de sport,Bateau,masculin,singulier,u
1537,369,Bâton de ski,Bâton,masculin,singulier,n
1079,370,Batte de baseball,Batte,féminin,singulier,e
1019,40,Batterie automobile,Batterie,féminin,singulier,e
1663,39,Batterie (hors batterie de voiture),Batterie,féminin,singulier,e
31,265,Batteur,Batteur,masculin,singulier,r
1638,358,Bécane (biclou),Bécane,féminin,singulier,e
257,244,Bêche,Bêche,féminin,singulier,e
258,244,Bédane,Bédane,féminin,singulier,e
1939,452,béquilles,béquilles,féminin,pluriel,s
1066,398,Béret,Béret,masculin,singulier,t
49,364,Bermuda,Bermuda,masculin,singulier,a
1477,41,Béton,Béton,masculin,singulier,n
753,42,Biberon,Biberon,masculin,singulier,n
754,42,Biberon en plastique,Biberon,masculin,singulier,n
1668,225,Bibliothèque,Bibliothèque,féminin,singulier,e
1691,225,Bibus,Bibus,masculin,singulier,s
578,194,Bicyclette enfant (jouet),Bicyclette,féminin,singulier,e
1637,358,Bicyclette,Bicyclette,féminin,singulier,e
144,147,Bidon de combustible chauffage,Bidon,masculin,singulier,n
751,43,Bidon d'huile,Bidon,masculin,singulier,n
752,43,Bidon d'huile de moteur (ou de lubrifiant) vide,Bidon,masculin,singulier,n
804,171,Bidon en métal,Bidon,masculin,singulier,n
806,170,Bidon en plastique,Bidon,masculin,singulier,n
807,170,Bidon de pétrole,Bidon,masculin,singulier,n
816,168,Bigorneaux,Bigorneaux,masculin,pluriel,x
658,44,Bijou fantaisie (accessoires de mode),Bijou,masculin,singulier,u
894,285,Biocides,Biocides,masculin,pluriel,s
1343,124,Biodéchets,Biodéchets,masculin,pluriel,s
259,244,Bisaigue,Bisaigue,féminin,singulier,e
208,164,Blanco,Blanco,masculin,singulier,o
20,265,Blender,Blender,masculin,singulier,r
1332,457,Blister de médicament (vide),Blister,masculin,singulier,r
1772,225,Bloc tiroir,Bloc,masculin,singulier,c
1908,225,Bloc de classement à tiroirs,Bloc,masculin,singulier,c
1047,78,Bloc-notes,Bloc-notes,masculin,singulier,s
1209,122,Blouse,Blouse,féminin,singulier,e
1931,23,Blouson en cuir,Blouson,masculin,singulier,n
497,92,Blu-ray,Blu-ray,masculin,singulier,y
1262,110,Blush,Blush,masculin,singulier,h
1538,369,BMX,BMX,masculin,singulier,X
655,45,Bocal ou pot en verre (alimentaire),Bocal,masculin,singulier,l
1226,431,Bocal réemployable,Bocal,masculin,singulier,l
1228,431,Bocal consigné,Bocal,masculin,singulier,l
750,46,Bodyboard,Bodyboard,masculin,singulier,d
116,50,"Bois imprégné, souillé ou dangereux",Bois,masculin,singulier,s
507,49,Bois de construction et de démolition,Bois,masculin,singulier,s
747,51,Bois lamellé-collé (BLC),Bois,masculin,singulier,s
748,48,Bois de chauffage,Bois,masculin,singulier,s
1635,47,Bois contaminé (termites),Bois,masculin,singulier,s
260,244,Boite et scie à onglet,Boite,féminin,singulier,e
1716,225,Boite de rangement,Boite,féminin,singulier,e
1032,54,Boîte à pizza,Boîte,féminin,singulier,e
1033,53,Boîte à oeufs en plastique,Boîte,féminin,singulier,e
1034,57,Boîte de médicament en carton (vide),Boîte,féminin,singulier,e
1137,52,Boîte à fromage en carton,Boîte,féminin,singulier,e
1140,52,Boîte à oeufs en carton,Boîte,féminin,singulier,e
1189,55,Boîte d'allumettes,Boîte,féminin,pluriel,e
1213,396,Boîte à fromage en bois,Boîte,féminin,singulier,e
1223,58,"Boîte en métal (thé, café, biscuits...)",Boîte,féminin,singulier,e
1234,56,Boîte de conserve (vide),Boîte,féminin,singulier,e
1244,59,Boîte à fromage en plastique,Boîte,masculin,singulier,e
1247,59,"Boîte en plastique (alimentaire, emballage...)",Boîte,féminin,singulier,e
1271,433,Boîte de cirage,Boîte,féminin,singulier,e
1252,355,Bol,Bol,masculin,singulier,l
1621,21,Bombe lacrymogène,Bombe,féminin,singulier,e
1924,60,Bombe aérosol (vide),Bombe,féminin,singulier,e
1135,70,Bonbonne de gaz (pour cuisson),Bonbonne,féminin,singulier,e
53,364,Bonnet,Bonnet,masculin,singulier,t
1575,369,Bonnet de bain,Bonnet,masculin,singulier,t
1577,369,Boomerang,Boomerang,masculin,singulier,g
1442,96,Boots,Boots,féminin,pluriel,s
1520,372,Boots de snowboard,Boots,féminin,pluriel,s
261,244,Bordure,Bordure,féminin,singulier,e
480,61,Bottes de pluie,Bottes,féminin,singulier,s
481,61,Bottes de pêche,Bottes,féminin,singulier,s
482,61,Bottes en caoutchouc,Bottes,féminin,singulier,s
1431,96,Bottes,Bottes,féminin,pluriel,s
1432,96,Bottines,Bottines,féminin,pluriel,s
262,244,Bouchon anti-bruit,bouchon,masculin,singulier,n
1945,62,Bouchon en liège,Bouchon,masculin,singulier,n
476,63,Bouchons en plastique,Bouchons,masculin,pluriel,s
746,62,Bouchons en liège,Bouchons,masculin,pluriel,s
1580,369,Bouclier (Pad) de boxe,Bouclier,masculin,singulier,r
618,373,"Bouée, planche, matériel d'aide à la flottaison","Bouée,",féminin,singulier,","
744,64,Bougie,Bougie,féminin,singulier,e
745,64,Bougie en cire,Bougie,féminin,singulier,e
741,65,Bougies de moteur,Bougies,féminin,pluriel,s
13,265,Bouilloire,Bouilloire,féminin,singulier,e
1080,370,Boule de billard,Boule,féminin,singulier,e
1081,370,Boule de pétanque,Boule,féminin,singulier,e
1826,225,Bout de canapé,Bout,masculin,singulier,t
147,449,Bouteille de protoxyde d'azote,Bouteille,féminin,singulier,e
149,449,Bouteille de gaz hilarant,Bouteille,féminin,singulier,e
477,66,Bouteille d'eau (en plastique),Bouteille,féminin,singulier,e
478,66,Bouteille en plastique (et bouchon),Bouteille,féminin,singulier,e
740,67,Bouteille de plongée,Bouteille,féminin,singulier,e
1035,68,Bouteille en métal (sirop),Bouteille,féminin,singulier,e
1136,70,Bouteille de gaz (pour cuisson),Bouteille,féminin,singulier,e
1254,432,Bouteille consignée,Bouteille,féminin,singulier,e
1257,432,Bouteille réemployable,Bouteille,féminin,singulier,e
1917,411,Bouteille d'huile,Bouteille,féminin,singulier,e
1935,69,Bouteille d'eau (en verre),Bouteille,féminin,singulier,e
1936,69,Bouteille de sirop de médicament en verre (vide),Bouteille,féminin,singulier,e
1937,69,"Bouteille en verre (bière, cidre, eau, lait, jus, vin...)",Bouteille,féminin,singulier,e
1145,423,Bouton de tringle à rideau,Bouton,masculin,singulier,n
1740,225,Bouton de meuble,Bouton,masculin,singulier,n
1408,220,Box internet,Box,féminin,singulier,x
64,364,Boxer,Boxer,masculin,singulier,r
1933,23,Bracelet en cuir,Bracelet,masculin,singulier,t
1940,452,brancard,brancard,masculin,singulier,d
739,71,Branchages,Branchages,masculin,pluriel,s
738,71,Branches,Branches,féminin,pluriel,s
1910,225,Bras-perroquet,Bras-perroquet,masculin,singulier,t
619,373,Brassard de flottaison,Brassard,masculin,singulier,d
511,217,Brique,Brique,féminin,singulier,e
1240,72,Brique de lait,Brique,féminin,singulier,e
1241,72,Brique de jus,Brique,féminin,singulier,e
1242,72,Brique de soupe,Brique,féminin,singulier,e
1243,72,"Brique alimentaire (jus, lait...)",Brique,féminin,singulier,e
737,73,Briquet,Briquet,masculin,singulier,t
263,244,Broche à gazon,Broche,féminin,singulier,e
141,145,Brosse à cheveux électrique,Brosse,féminin,singulier,e
142,145,Brosse à dents électrique,Brosse,féminin,singulier,e
264,244,Brosse de nettoyage,Brosse,féminin,singulier,e
735,74,Brosse à cheveux,Brosse,féminin,singulier,e
736,74,Brosse à dents,Brosse,féminin,singulier,e
265,244,Brouette,Brouette,féminin,singulier,e
696,347,Broyeur thermique  à végétaux,Broyeur,masculin,singulier,r
1922,60,brumisateur aérosol,brumisateur,masculin,singulier,r
884,97,Bubble-gum,Bubble-gum,masculin,singulier,m
266,244,Bucheronnage,Bucheronnage,masculin,singulier,e
1671,225,Buffet,Buffet,masculin,singulier,t
1783,225,Bureau,Bureau,masculin,singulier,u
267,244,Burin,Burin,masculin,singulier,n
268,244,Buse,Buse,féminin,singulier,e
1539,369,But de football,But,masculin,singulier,t
65,364,Caban,Caban,masculin,singulier,n
1004,219,Câble,Câble,masculin,singulier,e
269,244,Cache poubelle,Cache,masculin,singulier,e
1488,222,Cachet de médicament,Cachet,masculin,singulier,t
734,75,Cadavre d'animal,Cadavre,masculin,singulier,e
113,16,Cadenas,Cadenas,masculin,pluriel,s
1413,206,Cadre à lattes,Cadre,masculin,singulier,e
1601,369,Cadre de vélo,Cadre,masculin,singulier,e
1669,225,Cadre de lit,Cadre,masculin,singulier,e
733,158,Café (marc),Café,masculin,singulier,é
21,265,Cafetière,Cafetière,féminin,singulier,e
1629,400,Cage pour animaux,Cage,féminin,singulier,e
1360,77,"Cageot, caissette en bois","Cageot,",masculin,pluriel,","
1359,77,cagette en bois,cagette,féminin,pluriel,e
1049,78,Cahier à spirale,Cahier,masculin,singulier,r
1051,78,Cahier,Cahier,masculin,singulier,r
1696,225,Caisson de meuble,Caisson,masculin,singulier,n
1785,225,Caisson (meuble),Caisson,masculin,singulier,n
1817,225,Caisson à tiroirs (y compris à roulettes),Caisson,masculin,singulier,n
1827,225,Caisson de rangement pour bureau (y compris à roulettes),Caisson,masculin,singulier,n
1371,86,Calage en carton,Calage,masculin,singulier,e
995,414,Calculatrice,Calculatrice,féminin,singulier,e
270,244,Cale de ponçage,Cale,féminin,singulier,e
1372,86,Cale en carton,Cale,féminin,singulier,e
62,364,Caleçon,Caleçon,masculin,singulier,n
1050,78,Calendrier,Calendrier,masculin,singulier,r
1046,78,Calepin,Calepin,masculin,singulier,n
123,145,Caméscope,Caméscope,masculin,singulier,e
559,194,Camion non motorisé,Camion,masculin,singulier,n
487,357,Camionette,Camionette,féminin,singulier,e
1695,225,Canapé,Canapé,masculin,singulier,é
1863,225,Canapé de jardin,Canapé,masculin,singulier,é
1864,225,Canapé-lit,Canapé-lit,masculin,singulier,t
1329,81,Canette,Canette,féminin,singulier,e
1310,434,Canif,Canif,masculin,singulier,f
1082,370,Canne à pêche,Canne,féminin,singulier,e
731,82,Caoutchouc (hors pneus),Caoutchouc,masculin,singulier,c
1328,81,capsule de bouteille de bière,capsule,féminin,singulier,e
730,83,Capsules de café ou de thé,Capsules,féminin,pluriel,s
670,443,Capteur de glucose en continu,Capteur,masculin,singulier,r
775,20,Carabine,Carabine,féminin,singulier,e
526,242,Carcasse,Carcasse,féminin,singulier,e
1048,78,Carnet,Carnet,masculin,singulier,t
931,202,Carottes,Carottes,féminin,pluriel,s
1070,424,Carpette,Carpette,féminin,singulier,e
271,244,Carport non maçonné,Carport,masculin,singulier,t
272,244,Carré potager,Carré,masculin,singulier,é
494,271,carreaux de plâtre,carreaux,masculin,pluriel,x
521,125,Carrelage,Carrelage,masculin,singulier,e
205,164,Cartable,Cartable,masculin,singulier,e
565,194,Carte à collectionner,Carte,féminin,singulier,e
998,84,Carte RFID,Carte,masculin,singulier,e
1018,85,"Carte à puce (bancaire, de téléphone, d'identité)",Carte,féminin,singulier,e
1031,54,Carton à pizza,Carton,masculin,singulier,n
1041,409,Carton,Carton,masculin,singulier,n
1042,87,"Carton d'emballage de grande taille (électroménager, meuble...)",Carton,masculin,singulier,n
1374,86,Carton de petite taille,Carton,féminin,singulier,n
1,420,Cartouche de gaz vide (non rechargeable),Cartouche,féminin,singulier,e
10,89,Cartouche d'encre d'imprimante,Cartouche,féminin,singulier,e
11,89,"Cartouche d'impression (à jet d'encre, laser)",Cartouche,féminin,singulier,e
146,449,Cartouche pour siphon à chantilly,Cartouche,féminin,singulier,e
148,449,Cartouche de gaz hilarant,Cartouche,féminin,singulier,e
150,449,Cartouche de protoxyde d'azote,Cartouche,féminin,singulier,e
273,244,Cartouche pour masque,Cartouche,féminin,singulier,e
1195,429,Cartouche filtrante d'eau,Cartouche,féminin,singulier,e
1197,429,Cartouche Brita,Cartouche,féminin,singulier,e
1199,429,Cartouche de filtration d'eau,Cartouche,féminin,singulier,e
663,430,"Cartouche, douille usagée, balle (tir sportif)","Cartouche,",féminin,singulier,","
1786,225,Casier à bouteille,Casier,masculin,singulier,r
1794,225,Casier à vin,Casier,masculin,singulier,r
1905,225,Casier de rangement,Casier,masculin,singulier,r
274,244,Casque (bricolage),Casque,masculin,singulier,e
275,244,Casque de soudeur,Casque,masculin,singulier,e
276,244,Casque de chantier,Casque,masculin,singulier,e
620,373,"Casque de protection (ski, vélo, football américain, hockey, roller skate, skate board, bombe d'équitation, alpinisme, escalade, varappe, canyoning, patinage artistique, hockey sur glace, curling…)",Casque,masculin,singulier,e
650,373,Casque de vélo,Casque,masculin,singulier,e
651,373,Casque de trotinette,Casque,masculin,singulier,e
729,90,Casque,Casque,masculin,singulier,e
1067,398,Casquette,Casquette,féminin,singulier,e
591,194,Casse-tête,Casse-tête,masculin,singulier,e
1301,434,Casserole,Casserole,féminin,singulier,e
1787,225,Casserolier,Casserolier,masculin,singulier,r
1366,212,Catalogue,Catalogue,masculin,singulier,e
1286,421,Catamaran,Catamaran,masculin,singulier,n
680,91,Cathéter tout en un,Cathéter,masculin,singulier,r
681,91,Cathéter,Cathéter,masculin,singulier,r
1385,295,Cave à vin,Cave,féminin,singulier,e
500,92,CD,CD,masculin,singulier,D
498,92,CD-ROM,CD-ROM,masculin,singulier,M
503,92,"CD/DVD, cassette (avec ou sans boîtier)","CD/DVD,",masculin,pluriel,","
502,92,CDRom,CDRom,masculin,singulier,m
621,373,Ceinture et gilet de sauvetage textile,Ceinture,féminin,singulier,e
1581,369,Ceinture de judo,Ceinture,féminin,singulier,e
1925,23,Ceinture en cuir,Ceinture,féminin,singulier,e
728,93,Cendres de bois,Cendres,féminin,pluriel,s
26,265,Centrale vapeur,Centrale,féminin,singulier,e
1632,422,Centrale photovoltaïque,Centrale,féminin,singulier,e
1582,369,Cercle de basket,Cercle,masculin,singulier,e
1541,369,Cerf-volant,Cerf-volant,masculin,singulier,t
824,167,Cerises abîmées,Cerises,féminin,pluriel,s
124,145,Chaîne hi-fi,Chaîne,féminin,singulier,e
792,2,Chaîne de neige,Chaîne,féminin,singulier,e
1126,370,Chaîne de vélo,Chaîne,féminin,singulier,e
1673,225,Chaise,Chaise,féminin,singulier,e
1680,225,Chaise de jardin,Chaise,féminin,singulier,e
1861,225,Chaise longue,chaise,féminin,singulier,e
1865,225,Chaise de massage,Chaise,féminin,singulier,e
1866,225,Chaise avec tablette,Chaise,féminin,singulier,e
1867,225,Chaise d'enfant,chaise,féminin,singulier,e
1868,225,Chaise haute,Chaise,féminin,singulier,e
1869,225,Chaise évolutive d'enfant,Chaise,féminin,singulier,e
1870,225,Chaise longue de jardin (fixe ou pliante),Chaise,féminin,singulier,e
1871,225,Chaise pliante,chaise,féminin,singulier,e
277,244,Chalet non maçonné,Chalet,masculin,singulier,t
622,373,Chambre à air de vélo,Chambre,féminin,singulier,e
742,64,Chandelle,Chandelle,féminin,singulier,e
1065,398,Chapeau,Chapeau,masculin,singulier,u
996,94,Chargeur,Chargeur,masculin,singulier,r
278,244,Chariot de manutention,chariot,masculin,singulier,t
1542,369,Chariot de golf,Chariot,masculin,singulier,t
1828,225,Chariot d'imprimante,Chariot,masculin,singulier,t
1906,225,Chariot,Chariot,masculin,singulier,t
1012,291,Chauffage électrique,Chauffage,masculin,singulier,e
999,95,Chauffe-eau,Chauffe-eau,masculin,singulier,u
1872,225,Chauffeuse,Chauffeuse,féminin,singulier,e
52,364,Chaussettes,Chaussettes,féminin,pluriel,s
1435,96,Chaussons,Chaussons,masculin,pluriel,s
1514,372,Chaussons de danse,chaussons,masculin,pluriel,s
1515,372,Chaussons de gymnastique,Chaussons,masculin,pluriel,s
1522,372,Chaussons d'escalade,Chaussons,masculin,pluriel,s
279,244,Chaussures de protection (bricolage),Chaussures,féminin,pluriel,s
1450,96,Chaussures,Chaussures,féminin,pluriel,s
1502,372,Chaussures à crampons,Chaussures,féminin,pluriel,s
1503,372,Chaussures de cyclisme,Chaussures,féminin,pluriel,s
1504,372,Chaussures de ski,Chaussures,féminin,pluriel,s
1505,372,Chaussures de surf,Chaussures,féminin,pluriel,s
1465,203,Chemin de table,Chemin,masculin,singulier,n
56,364,Chemise,Chemise,féminin,singulier,e
1829,225,Chevalet d'écriture,Chevalet,masculin,singulier,t
280,244,Chevillette,Chevillette,féminin,singulier,e
885,97,Chewing-gum,Chewing-gum,masculin,singulier,m
883,98,Chiffon (ou absorbant) souillé par des produits dangereux,Chiffon,masculin,singulier,n
1692,225,Chiffonnier,Chiffonnier,masculin,singulier,r
882,99,Chlore,Chlore,masculin,singulier,e
1083,370,"Cible (chasse, tir sportif, ball-trap, tir à l'arc, fléchettes)",Cible,féminin,singulier,e
743,64,Cierge,Cierge,masculin,singulier,e
118,100,Cigarette électronique,Cigarette,féminin,singulier,e
473,436,Cintre en plastique ou en métal,Cintre,masculin,singulier,e
1312,437,Cintre en bois,Cintre,masculin,pluriel,e
281,244,Cisaille,Cisaille,féminin,singulier,e
282,244,Ciseaux (bricolage),Ciseaux,masculin,pluriel,x
283,244,Ciseaux à bois,Ciseaux,masculin,pluriel,x
284,244,Ciseaux à brique,Ciseaux,masculin,pluriel,x
880,101,Ciseaux,Ciseaux,masculin,pluriel,x
285,244,Citerne,Citerne,féminin,singulier,e
879,102,Classeur,Classeur,masculin,singulier,r
1403,220,Clavier (informatique),Clavier,masculin,singulier,r
9,103,Clé USB,Clé,féminin,singulier,é
224,244,Clé (outil de bricolage),Clé,féminin,singulier,é
997,84,Clé RFID,Clé,féminin,singulier,é
1294,233,clé de porte,clé,féminin,singulier,é
1295,233,clé (de serrure),clé,féminin,singulier,é
1361,439,Climatiseur,Climatiseur,masculin,singulier,r
286,244,Cliquet,Cliquet,masculin,singulier,t
1776,225,Cloisonette de séparation,Cloisonette,féminin,singulier,e
1833,225,Cloisonette de séparation amovible de jardin (visuelle ou phonique),Cloisonnette,féminin,singulier,e
493,271,cloisons alvéolaires à base de plaques de plâtre,cloisons,féminin,pluriel,s
1543,369,club de golf,club,masculin,singulier,b
802,172,Coffre de toit,Coffre,masculin,singulier,e
1685,225,Coffre,Coffre,masculin,singulier,e
287,244,Cognée,Cognée,féminin,singulier,e
1754,225,Coiffeuse,Coiffeuse,féminin,singulier,e
288,244,Coin éclateur,Coin,masculin,singulier,n
71,364,Collant,Collant,masculin,pluriel,t
877,105,Colle blanche (stick ou pot),Colle,féminin,singulier,e
878,104,"Colle (à bois, super-glu, époxy, néoprène)",Colle,féminin,singulier,e
1486,222,Collyre,Collyre,masculin,singulier,e
1818,225,Colonne de rangement,Colonne,féminin,singulier,e
289,244,Combinaison de protection (bricolage),Combinaison,masculin,singulier,n
1084,370,"Combinaison (triathlon, nage eau libre, plongée, surf)",Combinaison,féminin,singulier,n
1085,370,Combinaison de ski,Combinaison,féminin,singulier,n
1677,225,Commode,Commode,féminin,singulier,e
199,164,Compas,Compas,masculin,singulier,s
1719,225,Compas pour meuble,Compas,masculin,singulier,s
1544,369,Composant de vélo,Composant,masculin,singulier,t
290,244,Composteur,Composteur,masculin,singulier,r
1204,122,Compresse,Compresse,féminin,singulier,e
1481,222,Comprimés de médicament,Comprimés,masculin,pluriel,s
1693,225,Confiturier,Confiturier,masculin,singulier,r
1386,295,Congélateur,Congélateur,masculin,singulier,r
1233,56,Conserve,Conserve,féminin,singulier,e
1400,220,Console de jeu,Console,féminin,singulier,e
1694,225,Console,Console,féminin,singulier,e
1698,225,Console murale,Console,féminin,singulier,e
291,244,Contenant pour plante ou fleur,Contenant,masculin,singulier,t
1224,431,Contenant réemployable,Contenant,masculin,singulier,t
875,106,Contreplaqué,Contreplaqué,masculin,singulier,é
638,373,Coque de protection de handball,Coque,féminin,singulier,e
811,168,Coquillages,Coquillages,masculin,pluriel,s
623,373,Coquille de protection,Coquille,féminin,singulier,e
873,107,Coquilles de fruits de mer,Coquilles,féminin,pluriel,s
874,108,Coquilles d'oeufs,Coquilles,féminin,pluriel,s
111,109,Corde usée,Corde,féminin,singulier,e
1114,370,Corde pour canicross,Corde,féminin,singulier,e
624,373,"Corde, cordelette, harnais et longe de canicrosse","Corde,",féminin,singulier,","
639,373,"Corde, cordelette et longe d'escalade","Corde,",féminin,singulier,","
1003,219,Cordon,Cordon,masculin,singulier,n
1788,225,Corniche,Corniche,féminin,singulier,e
209,164,"Correcteur (stylo, ruban)",Correcteur,masculin,singulier,r
1270,110,Cosmétique (produit et emballage),Cosmétique,masculin,singulier,e
59,364,Costume,Costume,masculin,singulier,e
567,194,Costume d'enfant (- de 14 ans),Costume,masculin,singulier,e
871,401,Coton hydrophile,Coton,masculin,singulier,n
872,401,Coton démaquillant,Coton,masculin,singulier,n
1206,122,Coton (soin médical),Coton,masculin,singulier,n
870,401,Coton-tige,Coton-tige,masculin,singulier,e
869,111,Couche-culotte (lange),Couche-culotte,féminin,singulier,e
867,111,Couches pour bébé,Couches,féminin,pluriel,s
868,111,Couches hygiéniques,Couches,féminin,pluriel,s
1755,225,Couchette enfant,Couchette,féminin,singulier,e
625,373,Coudière,Coudière,féminin,singulier,e
83,408,Couette,Couette,féminin,singulier,e
693,347,Coupe bordure thermique,Coupe,masculin,singulier,e
295,244,Coupe-bordure,Coupe-bordure,masculin,singulier,e
292,244,Coupe-branche,Coupe-branche,masculin,singulier,e
293,244,Coupe-carreaux manuel,Coupe-carreaux,masculin,singulier,x
294,244,Coupe-tube,Coupe-tube,masculin,singulier,e
1622,21,Coups de poings américains,Coups,masculin,pluriel,s
935,202,Courgettes,Courgettes,féminin,pluriel,s
85,408,Coussin,Coussin,masculin,singulier,n
95,408,Coussin d'allaitement,Coussin,masculin,singulier,n
97,408,Coussin d'assise ou de dossier,Coussin,masculin,singulier,n
98,408,Coussin pour animaux,Coussin,masculin,singulier,n
23,265,Couteau électrique,Couteau,féminin,singulier,u
168,448,Couteau de peinture ou d'enduit (bricolage),Couteau,masculin,singulier,u
169,448,Couteau à enduire (bricolage),Couteau,masculin,singulier,u
296,244,Couteau à asphalte,Couteau,masculin,singulier,u
667,374,Couteau (chasse),Couteau,masculin,singulier,u
1305,434,Couteau de cuisine,Couteau,masculin,singulier,u
1620,21,Couteau de plongée,Couteau,masculin,singulier,u
1037,113,Couvercle en métal,Couvercle,masculin,singulier,e
866,114,Couverts en métal,Couverts,masculin,pluriel,s
297,244,Couverture à bulle,Couverture,féminin,singulier,e
298,244,Couverture de sécurité de piscine,Couverture,féminin,singulier,e
1069,398,Couvre-chef,Couvre-chef,masculin,singulier,f
818,168,Crabes,Crabes,masculin,pluriel,s
640,373,Crampons de chaussures de montagne,Crampons,masculin,pluriel,s
626,373,Crashpad,Crashpad,masculin,singulier,d
865,115,"Crayon en bois (à papier, de couleur)",Crayon,masculin,singulier,n
1789,225,Crédence,Crédence,féminin,singulier,e
1812,225,Crédence adhésive,Crédence,féminin,singulier,e
1790,225,Crémaillère,Crémaillère,féminin,singulier,e
1264,110,crème hydratante,crème,féminin,singulier,e
1267,110,Crème solaire,Crème,féminin,singulier,e
1269,110,Crème à raser,Crème,féminin,singulier,e
1485,222,Crème de médicament,Crème,féminin,singulier,e
814,168,Crevettes,Crevettes,féminin,pluriel,s
299,244,Crochet de levage,Crochet,masculin,singulier,t
612,447,Croisillons de carrelage,Croisillons,masculin,pluriel,s
613,447,Croisillons pour pose de carrelage,Croisillons,masculin,pluriel,s
1086,370,Crosse de hockey,Crosse,féminin,singulier,e
864,116,Crottes de chien,Crottes,féminin,pluriel,s
1352,7,Croutes de fromage,Croutes,féminin,pluriel,s
812,168,Crustacés,Crustacés,masculin,pluriel,s
1720,225,Cube de rangement,Cube,masculin,singulier,e
1235,117,Cubitainer en métal,Cubitainer,masculin,singulier,r
1236,117,Cubitainer de vin,Cubitainer,masculin,singulier,r
1237,117,Cubitainer en carton,Cubitainer,masculin,singulier,r
1238,117,Cubitainer en plastique,Cubitainer,masculin,singulier,r
1239,117,Cubitainer,Cubitainer,masculin,singulier,r
300,244,Cueille-fruit,Cueille-fruit,masculin,singulier,t
1304,434,Cuillère,Cuillère,féminin,singulier,e
1009,118,Cuisinière électrique,Cuisinière,féminin,singulier,e
77,364,Culotte,Culotte,féminin,pluriel,e
218,244,Cutter,Cutter,masculin,singulier,r
164,119,Cuvette de WC,Cuvette,féminin,singulier,e
1636,358,Cycle,Cycle,masculin,singulier,e
666,374,Dague,Dague,féminin,singulier,e
1619,21,Dague de chasse,Dague,féminin,singulier,e
409,244,Dalle de parasol,Dalle,féminin,singulier,e
495,271,dalles de plâtre pour plafonds suspendus,dalles,féminin,pluriel,s
1942,452,déambulateur,déambulateur,masculin,singulier,r
863,120,Déboucheur de canalisations,Déboucheur,masculin,singulier,r
692,347,Débroussailleuse thermique,Débroussailleuse,féminin,singulier,e
860,121,Décapant pour cheminée,Décapant,masculin,singulier,t
861,121,Décapant pour four,Décapant,masculin,singulier,t
862,121,Décapant,Décapant,masculin,singulier,t
518,125,Déchets inertes mélangés,Déchets,masculin,pluriel,s
524,125,Déchets inertes,Déchets,masculin,pluriel,s
859,126,Déchets radioactifs,Déchets,masculin,pluriel,s
1212,122,Déchets d'Activités de Soins (DAS) non-dangereux,Déchets,masculin,pluriel,s
1323,127,Déchets verts,Déchets,masculin,pluriel,s
1344,124,Déchets organiques,Déchets,masculin,pluriel,s
1346,124,Déchets alimentaires,Déchets,masculin,pluriel,s
1347,124,Déchets de préparation et restes de repas,Déchets,masculin,pluriel,s
549,194,Décor de marionnettes,Décor,masculin,singulier,r
568,194,Décor pour figurines,Décor,masculin,singulier,r
1146,423,Décoration textile à suspendre,Décoration,féminin,singulier,n
1545,369,Deltaplane,Deltaplane,masculin,singulier,e
705,347,Démousseur thermique,Démousseur,masculin,singulier,r
1920,128,Dentifrice (tube),Dentifrice,masculin,singulier,e
1921,60,déodorant en spray,déodorant,masculin,singulier,t
1022,288,Dépliant,Dépliant,masculin,singulier,t
1289,421,Dériveur,Dériveur,masculin,singulier,r
777,11,désinfectant,désinfectant,masculin,singulier,t
881,99,Désinfectant de piscine,Désinfectant,masculin,singulier,t
1219,283,Désodorisant,Désodorisant,masculin,singulier,t
1791,225,Desserte,Desserte,féminin,singulier,e
981,287,Détaupeurs,Détaupeurs,masculin,pluriel,s
795,1,Détecteur radar,Détecteur,masculin,singulier,r
1190,427,Détecteur d'incendie,Détecteur,masculin,singulier,r
1191,427,Détecteur de fumées,Détecteur,masculin,singulier,r
1391,129,"Deux-roues (moto, scooter, mobylette)",Deux-roues,masculin,singulier,s
301,244,Dévidoir,Dévidoir,masculin,singulier,r
854,130,Diapositives,Diapositives,féminin,pluriel,s
960,324,Diluant,Diluant,masculin,singulier,t
671,443,Dispositifs médicaux avec électronique - Déchets d'Activités de Soins à Risques Infectieux (DASRI) perforants (avec électronique),Dispositifs,masculin,pluriel,s
679,123,Dispositifs médicaux sans électronique - Déchets d'Activités de Soins à Risques Infectieux (DASRI) perforants,Dispositifs,masculin,pluriel,s
499,92,Disque (album),Disque,masculin,singulier,e
1399,220,Disque dur externe,Disque,masculin,singulier,e
158,243,Disqueuse,Disqueuse,féminin,singulier,e
529,3,Dissolvant,Dissolvant,masculin,singulier,t
1873,225,Divan ou canapé pour animal domestique,Divan,féminin,singulier,n
1402,220,Dock,Dock,masculin,singulier,k
641,373,Dorsale,Dorsale,féminin,singulier,e
1756,225,Dosseret,Dosseret,masculin,singulier,t
1147,423,Doublure occultante thermique,Doublure,féminin,singulier,e
81,364,Doudoune,Doudoune,féminin,singulier,e
225,244,Douille (outil de bricolage),Douille,féminin,singulier,e
662,430,Douille de cartouche de fusil,Douille,féminin,singulier,e
664,430,Douille de cartouche de chasse,Douille,féminin,singulier,e
602,194,Draisienne,Draisienne,féminin,singulier,e
1460,203,Drap de plage,Drap,masculin,singulier,p
1453,203,Draps,Draps,masculin,pluriel,s
1757,225,Dressing,Dressing,masculin,singulier,g
66,364,Duffle-coat,Duffle-coat,masculin,singulier,t
100,408,Duvet,Duvet,masculin,singulier,t
501,92,DVD,DVD,masculin,singulier,D
727,132,Eau de Javel (bouteille),Eau,masculin,singulier,u
850,135,Eau souillée,Eau,masculin,singulier,u
851,134,Eau oxygénée,Eau,masculin,singulier,u
852,133,Eau de Javel (pastilles),Eau,masculin,singulier,u
853,131,Eau de Javel (berlingot),Eau,masculin,singulier,u
304,244,Echafaudage structures tubulaires,Echafaudage,masculin,singulier,e
305,244,Echafaudage mobile,Echafaudage,masculin,singulier,e
55,364,Echarpe,Echarpe,masculin,singulier,e
582,194,Echasse,Echasse,masculin,singulier,e
306,244,Echelle coulissante,Echelle,masculin,singulier,e
307,244,Echelle de piscine amovible,Echelle,masculin,singulier,e
308,244,Echelle,Echelle,masculin,singulier,e
309,244,Echelle transformable,Echelle,masculin,singulier,e
163,403,Ecran à tube cathodique,Ecran,masculin,singulier,n
661,402,Ecran plat,Ecran,masculin,singulier,n
659,136,écran,écran,masculin,singulier,n
660,136,Écran informatique,Écran,masculin,singulier,n
88,408,Edredon,Edredon,masculin,singulier,n
211,164,Efface-encre,Efface-encre,masculin,singulier,e
206,164,Effaceur,Effaceur,masculin,singulier,r
1809,225,Egouttoir,Egouttoir,masculin,singulier,r
1585,369,Elastiband,Elastiband,masculin,singulier,d
1675,225,Éléments de cuisine,Eléments,masculin,pluriel,s
1584,369,Elliptique,Elliptique,masculin,singulier,e
656,446,Emballage multimatière (ex : carton et plastique),Emballage,masculin,singulier,e
848,138,Emballage vide de produit phytosanitaire,Emballage,masculin,singulier,e
849,137,Emballage souillé par un produit dangereux,Emballage,masculin,singulier,e
1227,431,Emballage consigné,Emballage,masculin,singulier,e
1231,431,Emballage réemployable,Emballage,masculin,singulier,e
1274,433,Emballage de cirage,Emballage,masculin,singulier,e
1087,370,"Embarcation < 2,5m",Embarcation,masculin,singulier,n
310,244,Embout de vissage,Embout,masculin,singulier,t
311,244,Emporte-pièces de jardin,Emporte-pièces,masculin,pluriel,s
125,145,Enceinte,Enceinte,masculin,singulier,e
988,184,Enceintes,Enceintes,féminin,pluriel,s
312,244,Enclume,Enclume,masculin,singulier,e
847,139,Enduit,Enduit,masculin,singulier,t
845,141,Engrais organiques,Engrais,masculin,pluriel,s
846,140,Engrais minéral,Engrais,masculin,singulier,s
844,142,Enjoliveurs,Enjoliveurs,masculin,pluriel,s
519,125,Enrobé bitumineux,Enrobé,masculin,pluriel,é
302,244,Enrouleur,enrouleur,masculin,singulier,r
313,244,Enrouleur de bâche,Enrouleur,masculin,singulier,r
314,244,Enrouleur de tuyau d'arrosage,Enrouleur,masculin,singulier,r
579,194,Ensemble cosmétique pour enfant (jouet),Ensemble,masculin,singulier,e
1045,143,Enveloppe,Enveloppe,masculin,singulier,e
627,373,Epaulière,Epaulière,masculin,singulier,e
668,374,Epée d'entrainement sportif,Epée,masculin,singulier,e
1624,21,Epée (arme blanche),Epée,masculin,singulier,e
136,145,Épilateur électrique,Épilateur,masculin,singulier,r
842,144,épluchure,épluchure,masculin,singulier,e
2045,124,Épluchures,Epluchures,féminin,pluriel,s
843,7,Épluchures,Épluchures,féminin,pluriel,s
315,244,Eponge abrasive,Eponge,masculin,pluriel,e
316,244,Epuisette,Epuisette,masculin,singulier,e
317,244,Epuisette de fond,Epuisette,masculin,singulier,e
213,164,Equerre (fourniture scolaire),Equerre,masculin,singulier,e
470,244,Equerre de bricolage,Equerre,masculin,singulier,e
321,244,Equipement d'entretien du jardin,Equipement,masculin,singulier,t
642,373,"Equipement de ski de randonnée (pelle, sonde)",Equipement,masculin,singulier,t
760,31,Equipement automobile,Equipement,masculin,singulier,t
1335,24,Equipement d'entretien,Equipement,masculin,singulier,t
1546,369,Equipement de musculation non électrique,Equipement,masculin,singulier,t
1547,369,Equipement de piscine,Equipement,masculin,singulier,t
1583,369,"Equipement de ski de randonnée (pelle, sonde...)",Equipement,masculin,singulier,t
1614,369,"Equipement d'équitation (hors équipement de protection individuelle, chaussants et vêtements)",Equipement,masculin,singulier,t
143,145,Équipement Électrique et Électronique (EEE),Équipement,masculin,singulier,t
1792,225,Escabeau solidaire d'un meuble,Escabeau,masculin,singulier,u
322,244,Escabeau,Escadeau,masculin,singulier,u
1443,96,Escarpins,Escarpins,masculin,pluriel,s
145,147,Essence et autres carburants et combustibles,Essence,masculin,singulier,e
841,146,Essence de térébenthine,Essence,masculin,singulier,e
759,31,Essuie-glace,Essuie-glace,masculin,singulier,e
840,148,Essuie-tout (papier),Essuie-tout,masculin,singulier,t
1793,225,Etabli,Etabli,masculin,singulier,i
1667,225,Etagère,Etagère,masculin,singulier,e
1721,225,"Etagère (caisson, murale, de bureau, à épices, à vin, à chapeaux…)",Etagère,masculin,singulier,e
323,244,Etai,Etai,masculin,singulier,i
324,244,Etancheur,Etancheur,masculin,singulier,r
325,244,Etau,Etau,masculin,singulier,u
200,164,Etiquettes,Etiquettes,féminin,pluriel,s
1623,21,Etoile de jet,Etoile,masculin,singulier,e
1588,369,"Etui de raquette (tennis, badminton, squash, tennis de table...)",Etui,masculin,singulier,i
1370,86,Etuis en carton,Etuis,masculin,pluriel,s
509,150,evier,evier,masculin,singulier,r
508,150,évier,évier,masculin,singulier,r
510,150,Évier (en inox ou en aluminium),Évier,masculin,singulier,r
516,217,Évier en céramique,Évier,masculin,singulier,r
837,149,Évier (céramique),Évier,masculin,singulier,r
326,244,Extracteur,Extracteur,masculin,singulier,r
1268,110,Eyeliner liquide,Eyeliner,masculin,singulier,r
1699,225,Façade de porte,Façade,féminin,singulier,e
1700,225,Façade de tiroir,Façade,féminin,singulier,e
1795,225,"Façade de placard (coulissante, pliante ou pivotante)",Façade,féminin,singulier,e
1796,225,Façade de lave-vasselle,Façade,féminin,singulier,e
1353,7,Fanes de légumes,Fanes,masculin,pluriel,s
570,194,Farces et attrapes,Farces,féminin,pluriel,s
1258,110,"Fard (à paupières, à joues)",Fard,masculin,singulier,d
726,152,Fast-food,Fast-food,masculin,singulier,d
327,244,Faucheuse - débroussailleuse,Faucheuse,féminin,singulier,e
329,244,Faucille,Faucille,féminin,singulier,e
1148,423,Fausse peau de mouton,Fausse,féminin,singulier,e
1687,225,Fauteuil,Fauteuil,masculin,singulier,l
1874,225,Fauteuil bébé,Fauteuil,masculin,singulier,l
1876,225,Fauteuil de jardin,Fauteuil,masculin,singulier,l
1877,225,Fauteuil de relaxation,Fauteuil,masculin,singulier,l
1878,225,Fauteuil gonflable,Fauteuil,masculin,singulier,l
1944,452,Fauteuil roulant,Fauteuil,masculin,singulier,l
328,244,Faux,Faux,féminin,singulier,x
1395,220,Fax,Fax,masculin,singulier,x
330,244,Fendeur de bûche,Fendeur,masculin,singulier,r
712,347,Fendeur de bûches thermique,Fendeur,masculin,singulier,r
4,426,Fenêtre,Fenêtre,féminin,singulier,e
930,202,Fenouils,Fenouils,masculin,pluriel,s
25,265,Fer à repasser,Fer,masculin,singulier,r
1495,312,Fer à friser,Fer,masculin,singulier,r
1496,312,Fer à lisser,Fer,masculin,singulier,r
1473,419,Feu à main,Feu,masculin,singulier,u
1320,127,Feuillages,Feuillages,masculin,pluriel,s
1322,153,Feuilles mortes,Feuilles,féminin,pluriel,s
836,154,Feutre (marqueur),Feutre,masculin,singulier,e
980,287,Feux d'artifice,Feux,masculin,pluriel,x
833,155,Fibro-ciment,Fibro-ciment,masculin,singulier,t
537,194,Figurine,Figurine,féminin,singulier,e
331,244,Fil à plomb,Fil,masculin,pluriel,l
832,156,Fil de fer barbelé,Fil,masculin,singulier,l
332,244,Filet de protection des cultures,Filet,masculin,singulier,t
333,244,Filet de jardinage,Filet,masculin,singulier,t
1186,308,filet de fruits et légumes,filet,masculin,singulier,t
1587,369,"Filet (football, volley-ball, badminton, tennis, tennis de table...)",Filet,masculin,singulier,t
1589,369,Filet de mini-tennis (filet + pieds),Filet,masculin,singulier,t
1722,225,Filet de rangement,Filet,masculin,singulier,t
1506,372,"Filets et poteaux  (tennis, badminton, squash, ping-pong, volley)",Filets,masculin,pluriel,s
1723,225,Fileur,Fileur,masculin,singulier,r
334,244,Film agricole,Film,masculin,pluriel,m
335,244,Film de serre,Film,masculin,pluriel,m
337,244,Film géotextile,Film,masculin,pluriel,m
1055,157,Film plastique,Film,masculin,singulier,m
732,158,Filtre à café,Filtre,masculin,singulier,e
890,285,Filtre à gasoil,Filtre,masculin,singulier,e
1196,429,Filtre de carafe d'eau,Filtre,masculin,singulier,e
1198,429,Filtre Brita,Filtre,masculin,singulier,e
1200,429,Filtre à eau usagé,Filtre,masculin,singulier,e
889,285,Filtres à huile,Filtres,masculin,pluriel,s
1586,369,Fitness tube,Fitness,masculin,singulier,s
769,28,Fixateur photographique,Fixateur,masculin,singulier,r
1088,370,"Fixation (ski, snowboard)",Fixation,féminin,singulier,n
1089,370,Fixation murale sac de frappe,Fixation,féminin,singulier,n
1181,159,Flacon de sirop de médicament en verre (vide),Flacon,masculin,singulier,n
1182,159,Flacon de cosmétique (en verre),Flacon,masculin,singulier,n
1183,159,Flacon spray en verre,Flacon,masculin,singulier,n
1184,159,Flacon pompe en verre,Flacon,masculin,singulier,n
1185,159,Flacon de parfum (en verre),Flacon,masculin,singulier,n
1225,431,Flacon réemployable,Flacon,masculin,singulier,n
1229,431,Flacon consigné,Flacon,masculin,singulier,n
1248,397,Flacon en plastique,Flacon,masculin,singulier,n
1273,433,Flacon de cirage,Flacon,masculin,singulier,n
831,160,Flash-ball,Flash-ball,masculin,singulier,l
1090,370,Flèche,Flèche,féminin,singulier,e
1091,370,Fléchette,Fléchette,féminin,singulier,e
665,374,Fleuret,Fleuret,masculin,singulier,t
1057,161,Fleurs fanées,Fleurs,féminin,pluriel,s
1651,441,flûte,flûte,féminin,singulier,e
1590,369,"Foil (windsurf, kitesurf...)",Foil,masculin,singulier,l
1260,110,Fond de teint,Fond,masculin,singulier,d
830,162,Fongicides,Fongicides,masculin,pluriel,s
857,126,Fontaine au radium,Fontaine,féminin,singulier,e
74,364,Foulard,Foulard,masculin,singulier,d
338,244,Four à bois de jardin,Four,masculin,singulier,r
1010,163,Four électrique,Four,masculin,singulier,r
1015,226,Four micro-ondes,Four,masculin,singulier,r
339,244,Fourche,Fourche,féminin,singulier,e
1121,370,Fourche de vélo,Fourche,féminin,singulier,e
1303,434,Fourchette,Fourchette,féminin,singulier,e
489,357,Fourgon,Fourgon,masculin,singulier,n
490,357,Fourgonnette,Fourgonnette,féminin,singulier,e
215,164,Fourniture scolaire ou de bureau,Fourniture,féminin,singulier,e
1060,166,Fourrure synthétique,Fourrure,féminin,singulier,e
1061,165,Fourrure naturelle,Fourrure,féminin,singulier,e
710,347,Fraise à neige thermique,Fraise,féminin,singulier,e
826,167,Fraises abîmées,Fraises,féminin,pluriel,s
1387,295,Freezer,Freezer,masculin,singulier,r
1383,295,Frigidaire,Frigidaire,masculin,singulier,e
1384,295,Frigo,Frigo,masculin,singulier,o
1578,369,Frisbee,Frisbee,masculin,singulier,e
27,265,Friteuse,Friteuse,féminin,singulier,e
819,168,Fruits de mer,Fruits,masculin,pluriel,s
829,124,Fruits abîmés,Fruits,masculin,pluriel,s
1355,7,Fruits et légumes abîmés,Fruits,masculin,pluriel,s
810,169,Fumier,Fumier,masculin,singulier,r
1476,419,Fumigène,Fumigène,masculin,singulier,e
1474,419,Fusée parachute,Fusée,féminin,singulier,e
1475,419,fusée de détresse,fusée,féminin,singulier,e
982,287,Fusées paragrêles,Fusées,féminin,pluriel,s
772,20,Fusil,Fusil,masculin,singulier,l
340,244,Fût,Fût,masculin,singulier,t
805,171,Fût en métal,Fût,masculin,singulier,t
809,170,Fût (ou conteneur) en plastique,Fût,masculin,singulier,t
803,172,Galeries de voiture,Galeries,féminin,pluriel,s
1879,225,Galette de siège,Galette,féminin,singulier,e
54,364,Gant,Gant,masculin,pluriel,t
341,244,Gants de jardinage,Gants,masculin,pluriel,s
342,244,Gants de protection pour le bricolage,Gants,masculin,pluriel,s
628,373,"Gants (gardien de foot, vélo, voile, golf, escrime, boxe…)",Gants,masculin,pluriel,s
1133,418,Gants médicaux (gants jetables en plastique),Gants,masculin,pluriel,s
1926,23,Gants en cuir,Gants,masculin,pluriel,s
343,244,Garage non maçonné,Garage,masculin,singulier,e
1684,225,Garde-manger,Garde-manger,masculin,singulier,r
1011,173,Gazinière,Gazinière,féminin,singulier,e
344,244,Gazon artificiel ménager,Gazon,masculin,pluriel,n
1480,222,Gélules de médicament,Gélules,féminin,pluriel,s
319,244,Genouillère (bricolage),Genouillère,féminin,singulier,e
629,373,Genouillère,Genouillère,féminin,singulier,e
1457,203,Gigoteuse,Gigoteuse,féminin,singulier,e
60,364,Gilet,Gilet,masculin,singulier,t
1115,370,Glacière rigide,Glacière,féminin,singulier,e
345,244,Gloriette non maçonnée,Gloriette,féminin,singulier,e
1039,174,Gobelet en carton,Gobelet,masculin,singulier,t
1203,175,Gobelet en plastique jetable,Gobelet,masculin,singulier,t
203,164,Gomme,Gomme,féminin,singulier,e
201,164,Gommettes,Gommettes,féminin,pluriel,s
801,176,Gourde,Gourde,féminin,singulier,e
1490,222,Gouttes de médicament,Gouttes,féminin,pluriel,s
346,244,Goutteur,Goutteur,masculin,singulier,r
986,177,GPS,GPS,masculin,singulier,S
347,244,Grattoir,Grattoir,masculin,singulier,r
348,244,Grattoir à béton,Grattoir,masculin,singulier,r
36,178,Gravats,Gravats,masculin,pluriel,s
349,244,Griffe de jardinier,Griffe,féminin,singulier,e
350,244,Griffe à cintrer,Griffe,féminin,singulier,e
351,244,Griffe de zingueur,Griffe,féminin,singulier,e
352,244,Griffe,Griffe,féminin,singulier,e
28,265,Grill,Grill,masculin,singulier,l
112,179,Grillage,Grillage,masculin,singulier,e
173,448,Grille pour égouttage de bac ou camion à peinture (bricolage),Grille,féminin,singulier,e
14,265,Grille-pain,Grille-pain,masculin,singulier,n
1382,180,Gros électroménager,Gros,masculin,singulier,s
1689,225,Guéridon,Guéridon,masculin,singulier,n
1507,372,Guètres de sport,Guètres,féminin,pluriel,s
1602,369,Guidon de vélo,Guidon,masculin,singulier,n
987,181,Guirlande électrique,Guirlande,féminin,singulier,e
1059,182,Guirlande non électrique,Guirlande,féminin,singulier,e
1149,423,Guirlande décoration en tissu,Guirlande,féminin,singulier,e
1646,191,Guitare électrique,Guitare,féminin,singulier,e
1652,441,guitare acoustique,guitare,féminin,singulier,e
1279,435,Gyroroue,Gyroroue,féminin,singulier,e
353,244,Hâche,Hâche,féminin,singulier,e
354,244,Hâchette,Hâchette,féminin,singulier,e
24,265,Hachoir,Hachoir,masculin,singulier,r
175,183,Halogène,Halogène,masculin,singulier,e
1775,225,Hamac à peluches,Hamac,masculin,singulier,c
1880,225,Hamac de jardin,Hamac,masculin,singulier,c
1548,369,hameçon,hameçon,masculin,singulier,n
630,373,"Harnais, mousqueton, dégaine, assurage, poulie, bloqueur, coinceur (Matériel d'alpinisme, escalade, varappe, canyoning, camping)","Harnais,",masculin,singulier,","
990,184,Haut-parleurs,Haut-parleurs,masculin,pluriel,s
1324,185,Herbe (ou gazon),Herbe,féminin,singulier,e
531,285,Herbicide,Herbicide,masculin,singulier,e
442,244,Hôtel à insecte,Hôtel,masculin,singulier,l
1380,180,Hotte,Hotte,féminin,singulier,e
91,408,"Housse rembourrée (chaise, canapé)",Housse,féminin,singulier,e
336,244,Housse de serre,Housse,masculin,singulier,e
355,244,Housse de barbecue,Housse,féminin,singulier,e
356,244,Housse de parasol,Housse,féminin,singulier,e
1092,370,Housse du Surf,Housse,féminin,singulier,e
1113,370,Housse de sac,Housse,féminin,singulier,e
1116,370,Housse de skis,Housse,féminin,singulier,e
1117,370,Housse de chaussures de ski,Housse,féminin,singulier,e
1118,370,Housse de snowboard,Housse,féminin,singulier,e
1119,370,Housse de surf,Housse,féminin,singulier,e
1470,203,Housse,Housse,féminin,singulier,e
1742,225,Housse de dosseret,Housse,féminin,singulier,e
1748,225,Housse de table à repasser,Housse,féminin,singulier,e
1857,225,Housse de protection de meuble,Housse,féminin,singulier,e
1797,225,Hûche à pain,Hûche,féminin,singulier,e
472,187,Huile de vidange,Huile,féminin,singulier,e
800,186,Huile de friture,Huile,féminin,singulier,e
2,426,Huisserie,Huisserie,féminin,singulier,e
815,168,Huîtres,Huîtres,féminin,pluriel,s
1682,225,Ilot central,Ilot,masculin,singulier,t
799,188,Imperméabilisant,Imperméabilisant,masculin,singulier,t
991,189,Imprimante,Imprimante,masculin,singulier,e
938,190,Insecticide,Insecticide,masculin,singulier,e
569,194,Instrument de musique jouet,Instrument,masculin,singulier,t
1645,191,Instrument de musique électronique,Instrument,masculin,singulier,t
1649,191,Instrument de musique électrique,Instrument,masculin,singulier,t
1655,441,instrument à cuivre,instrument,masculin,singulier,t
1656,441,instrument à vent,instrument,masculin,singulier,t
1657,441,Instrument de musique,Instrument,masculin,singulier,t
520,125,Isolant minéral,Isolant,masculin,singulier,t
320,244,Jambière,Jambière,féminin,singulier,e
787,2,Jante,Jante,féminin,singulier,e
1124,370,Jante de vélo,Jante,féminin,singulier,e
357,244,Jardinière,Jardinière,féminin,singulier,e
1064,192,Jean,Jean,masculin,singulier,n
1292,421,jetski,jetski,masculin,singulier,i
535,194,Jeu de société,Jeu,masculin,singulier,u
536,194,Jeu (non électrique),Jeu,masculin,singulier,u
538,194,Jeu de construction,Jeu,masculin,singulier,u
551,194,Jeu d'imitation,Jeu,masculin,singulier,u
571,194,Jeu de magie,Jeu,masculin,singulier,u
572,194,Jeu scientifique,Jeu,masculin,singulier,u
573,194,Jeu de chimiste,Jeu,masculin,singulier,u
592,194,Jeu de cartes,Jeu,masculin,singulier,u
593,194,Jeu de dés,Jeu,masculin,singulier,u
594,194,Jeu de plateau,Jeu,masculin,singulier,u
595,194,Jeu de stratégie,Jeu,masculin,singulier,u
596,194,Jeu de voyage,Jeu,masculin,singulier,u
599,194,Jeu (non électronique),Jeu,masculin,singulier,u
600,194,Jeu de plage,Jeu,masculin,singulier,u
601,194,"Jeu de sable (seau, pelle, râteau...)",Jeu,masculin,singulier,u
606,194,Jeu d'eau,Jeu,masculin,singulier,u
1591,369,Jeu de palets,Jeu,masculin,singulier,u
1592,369,Jeu de quilles,Jeu,masculin,singulier,u
1642,193,jeu de PS2,jeu,masculin,singulier,u
1643,193,jeu de PS4,jeu,masculin,singulier,u
1644,193,"Jeu vidéo (cassette ou cartouche DS, PS3, Xbox...)",Jeu,masculin,singulier,u
1799,225,Joue de finition,Joue,féminin,singulier,e
119,349,Jouet électrique,Jouet,masculin,singulier,t
120,349,Jouet télécommandé,Jouet,masculin,singulier,t
550,194,Jouet premier âge,Jouet,masculin,singulier,t
552,194,Jouet à promener,Jouet,masculin,singulier,t
553,194,Jouet à pousser,Jouet,masculin,singulier,t
554,194,Jouet de bain,Jouet,masculin,singulier,t
555,194,Jouet éducatif,Jouet,masculin,singulier,t
607,194,Jouet (non électronique),Jouet,masculin,singulier,t
1369,195,Journal,Journal,masculin,singulier,l
1397,220,Joystick,Joystick,masculin,singulier,k
69,364,Jupe,Jupe,féminin,singulier,e
30,265,Karcher,Karcher,masculin,singulier,r
1549,369,kimono,kimono,masculin,singulier,o
358,244,Kiosque non maçonné,Kiosque,masculin,singulier,e
678,196,Kit de perfusion,Kit,masculin,singulier,t
790,2,Kit de sécurité,Kit,masculin,singulier,t
1724,225,Kit coulissant,Kit,masculin,singulier,t
1376,440,Laine de roche,Laine,féminin,singulier,e
1478,197,Laine de verre,Laine,féminin,singulier,e
1093,370,Laisse de promenade de canicrosse,Laisse,féminin,singulier,e
1265,110,lait solaire,lait,masculin,singulier,t
1266,110,Lait pour le corps,Lait,masculin,singulier,t
1351,7,Laitages,Laitages,masculin,pluriel,s
506,49,Lambris (en bois),Lambris,masculin,singulier,s
359,244,Lame de scie,Lame,féminin,singulier,e
360,244,Lame de sécateur,Lame,féminin,singulier,e
1626,21,Lame d'arme blanche,Lame,féminin,singulier,e
128,145,Lampe torche,Lampe,féminin,singulier,e
179,13,lampe à incandescence,lampe,féminin,singulier,e
185,201,Lampe à LED,Lampe,féminin,singulier,e
714,12,Lampe à économie d'énergie,Lampe,féminin,singulier,e
715,12,Lampe fluocompacte,Lampe,féminin,singulier,e
716,12,Lampe basse consommation,Lampe,féminin,singulier,e
724,198,Lampe (ou luminaire) sans ampoule,Lampe,féminin,singulier,e
181,13,lampes à filaments,lampes,féminin,pluriel,s
183,410,lampes,lampes,féminin,pluriel,s
676,199,Lancette,Lancette,féminin,singulier,e
813,168,Langoustines,Langoustines,féminin,pluriel,s
1923,60,laque pour les cheveux,laque,féminin,singulier,e
937,413,Lasure,Lasure,féminin,singulier,e
515,217,Lavabo en céramique,Lavabo,masculin,singulier,o
1337,211,Lave-linge,Lave-linge,masculin,singulier,e
1378,180,Lave-vaisselle,Lave-vaisselle,masculin,singulier,e
725,200,Lecteur DVD,Lecteur,masculin,singulier,r
186,201,LED,LED,féminin,singulier,D
68,364,Legging,Legging,masculin,singulier,g
936,124,Légumes abîmés,Légumes,masculin,pluriel,s
361,244,Levier de force,Levier,masculin,singulier,r
221,244,Lime (outil de bricolage),Lime,féminin,singulier,e
362,244,Lime de précision,Lime,féminin,singulier,e
1471,203,Linge de maison,Linge,masculin,singulier,e
1701,225,Lingère,Lingère,féminin,singulier,e
76,364,Lingerie,Lingerie,féminin,singulier,e
928,204,Lingette nettoyante,Lingette,féminin,singulier,e
1134,417,Lingette désinfectante,Lingette,féminin,singulier,e
892,285,Liquide de dégivrage,Liquide,masculin,singulier,e
1215,205,Liquide vaisselle,Liquide,masculin,singulier,e
893,285,Liquides de refroidissement,Liquides,masculin,pluriel,s
363,244,Lissarde à béton,Lissarde,féminin,singulier,e
137,145,Lisseur électrique,Lisseur,masculin,singulier,r
364,244,Lisseur de joints,Lisseur,masculin,singulier,r
1494,312,Lisseur,Lisseur,masculin,singulier,r
1414,206,Lit pour animaux domestique,Lit,masculin,singulier,t
1676,225,Lit,Lit,masculin,singulier,t
1758,225,Lit d'appoint,Lit,masculin,singulier,t
1759,225,Lit de camp,Lit,masculin,singulier,t
1760,225,Lit évolutif,Lit,masculin,singulier,t
1761,225,Lit pliant,Lit,masculin,singulier,t
1762,225,Lit pont,Lit,masculin,singulier,t
1763,225,Lit relevable,Lit,masculin,singulier,t
1764,225,Lit rétractable,Lit,masculin,singulier,t
1780,225,Lit superposé,Lit,masculin,singulier,t
1941,452,lit médicalisé,lit,masculin,singulier,t
1430,206,Literie,Literie,féminin,singulier,e
927,207,Litière d'animal domestique,Litière,féminin,singulier,e
1659,208,Livre,Livre,masculin,singulier,e
603,194,Loisirs créatifs pour enfants (jouet),Loisirs,masculin,pluriel,s
114,16,Loquet,Loquet,masculin,singulier,t
1743,225,Loquetaux,Loquetaux,masculin,pluriel,x
605,194,Luge d'enfant (jouet),Luge,féminin,singulier,e
1094,370,Luge,Luge,féminin,singulier,e
37,451,Lunette de WC en céramique,Lunette,féminin,singulier,e
39,451,Lunette de WC en porcelaine,Lunette,féminin,singulier,e
41,209,Lunette de WC en plastique,Lunette,féminin,singulier,e
43,450,Lunette de WC en bois,Lunette,féminin,singulier,e
365,244,Lunettes de protection (bricolage),Lunettes,féminin,pluriel,s
614,210,Lunettes,Lunettes,féminin,pluriel,s
631,373,"Lunettes de sports de montagne (parapente, parachute, deltaplane…)",Lunettes,féminin,pluriel,s
1517,372,Lunettes de piscine,Lunettes,féminin,pluriel,s
723,198,Lustre,Lustre,masculin,singulier,e
22,265,Machine à café,Machine,féminin,singulier,e
130,145,Machine à coudre,Machine,féminin,singulier,e
134,145,Machine à pain,Machine,féminin,singulier,e
1120,370,Machine de musculation développé-couché,Machine,féminin,singulier,e
1338,211,Machine à laver,Machine,féminin,singulier,e
1150,423,Macramé,Macramé,masculin,singulier,é
1368,212,Magazine,Magazine,masculin,singulier,e
131,145,Magnétoscope,Magnétoscope,masculin,singulier,e
220,244,Maillet,Maillet,masculin,singulier,t
366,244,Maillet de pavage,Maillet,masculin,singulier,t
51,364,Maillot de bain,Maillot,masculin,singulier,t
543,194,Maison de poupée,Maison,féminin,singulier,n
587,194,Maison de jardin pour enfant,Maison,féminin,singulier,n
1765,225,Malle,Malle,féminin,singulier,e
367,244,Manche (outil),Manche,masculin,singulier,e
167,448,Manchon de rouleau de peinture (bricolage),Manchon,masculin,singulier,n
1800,225,Mange-débout,Mange-débout,masculin,singulier,t
78,364,Manteau,Manteau,masculin,singulier,u
598,194,Maquette,Maquette,féminin,singulier,e
1053,213,Maquillage (emballage et produit),Maquillage,masculin,singulier,e
368,244,Marche-pied,Marche-pied,masculin,singulier,d
1356,7,Marcs de café,Marcs,masculin,pluriel,s
547,194,Marionnette,Marionnette,féminin,singulier,e
1309,434,Marmite en fonte,Marmite,féminin,singulier,e
1930,23,Maroquinerie,Maroquinerie,féminin,singulier,e
369,244,Marteau,Marteau,masculin,singulier,u
370,244,Marteau burineur,Marteau,masculin,singulier,u
371,244,Marteau de pavage,Marteau,masculin,singulier,u
1259,110,Mascara,Mascara,masculin,singulier,a
5,415,masque à usage unique,masque,masculin,singulier,e
372,244,Masque de protection (bricolage),Masque,masculin,singulier,e
647,373,Masque d'escrime,Masque,masculin,singulier,e
1593,369,Masque de ski ou de snowboard,Masque,masculin,singulier,e
219,244,Masse (outil de bricolage),Masse,féminin,singulier,e
373,244,Massette,Massette,féminin,singulier,e
926,215,Mastic,Mastic,masculin,singulier,c
1550,369,Mât de windsurf,Mât,masculin,singulier,t
925,216,"Matelas (en mousse, à ressorts...)",Matelas,masculin,singulier,s
1415,206,Matelas,Matelas,masculin,singulier,s
1416,206,Matelas anti-escarres,Matelas,masculin,singulier,s
1417,206,Matelas de bébé,Matelas,masculin,singulier,s
1418,206,Matelas de jardin,Matelas,masculin,singulier,s
1419,206,Matelas gonflable (pour couchage),Matelas,masculin,singulier,s
609,218,"Matériau d'isolation plastique (XPS, polyuréthane, polyisocianurate, Mousse phénolique, résolique, perlite fibrée...",Matériau,masculin,singulier,u
781,10,matériau fibreux,matériau,masculin,pluriel,u
517,217,Matériaux de construction,Matériaux,masculin,pluriel,x
610,218,Matériaux d'isolation Plastique,Matériaux,masculin,pluriel,x
632,373,"Matériel de voile (harnais de rappel, trapèze, accastillage, poulie, manille, mousqueton, drisse, cordage…) < 2,5 m,",Matériel,masculin,singulier,l
643,373,"Matériel d'escalade (harnais, mousqueton, dégaine, assurage, poulie, bloqueur, coinceur)",Matériel,masculin,singulier,l
644,373,Matériel d'alpinisme,Matériel,masculin,singulier,l
645,373,Matériel de Varappe,Matériel,masculin,singulier,l
646,373,Matériel de canyoning,Matériel,masculin,singulier,l
648,373,"Matériel de protection du cavalier (bombe, gilet...)",Matériel,masculin,singulier,l
652,373,Matériel de protection individuelle (sport),Matériel,masculin,singulier,l
1005,219,"Matériel électrique passif (prise, adaptateur, câbles, cordons)",Matériel,masculin,singulier,l
1412,220,Matériel informatique,Matériel,masculin,singulier,l
1551,369,"Matériel d'athlétisme (haie, starting-block, bâton, témoin, javelot, poids, disque, marteau, matériel pour saut en longueur et hauteur…)",Matériel,masculin,singulier,l
1552,369,"Matériel de voile (Dérive, gouvernail < 2,5 m)",Matériel,masculin,singulier,l
1553,369,"Matériel d'entraînement sportif (mini-haie, marquage au sol, plot, cône de sport…)",Matériel,masculin,singulier,l
1594,369,Matériel d'aquagym,Matériel,masculin,singulier,l
1595,369,"Matériel de cirque (diabolo, assiettes chinoises, balles et anneaux de jonglages...)",Matériel,masculin,singulier,l
1597,369,"Matériel en néoprène (chaussons, gants, cagoules, mitaines, surchausses...)",Matériel,masculin,singulier,l
924,221,Mauvaises herbes,Mauvaises,féminin,pluriel,s
1492,222,Médicaments,Médicaments,masculin,pluriel,s
1482,222,Médocs,Médocs,masculin,pluriel,s
1375,223,Mégot de cigarette,Mégot,masculin,singulier,t
828,167,Melon abîmé,Melon,masculin,singulier,n
611,444,Membrane bitumineuse,Membrane,féminin,singulier,e
3,426,Menuiserie vitrée,Menuiserie,féminin,singulier,e
923,224,Mercure,Mercure,masculin,singulier,e
1881,225,Méridienne,Méridienne,féminin,singulier,e
1882,225,Méridienne de jardin,Méridienne,féminin,singulier,e
374,244,Merlin de bûcheron,Merlin,masculin,singulier,n
375,244,Outil de mesure (non électrique),Mesure,masculin,singulier,e
376,244,Mesure longue,Mesure,féminin,singulier,e
377,244,Mètre ruban,Mètre,masculin,singulier,e
378,244,Métrologie,Métrologie,féminin,singulier,e
1702,225,Meuble de bar,Meuble,masculin,singulier,e
1703,225,Meuble range CD,Meuble,masculin,singulier,e
1704,225,Meuble d'aquarium,Meuble,masculin,singulier,e
1705,225,Meuble de téléphone,Meuble,masculin,singulier,e
1706,225,Meuble TV,Meuble,masculin,singulier,e
1725,225,Meuble de hotte,Meuble,masculin,singulier,e
1801,225,Meuble de cuisine (haut et bas),Meuble,masculin,singulier,e
1802,225,Meuble d'évier,Meuble,masculin,singulier,e
1803,225,Meuble de tri,Meuble,masculin,singulier,e
1804,225,Meuble colonne,Meuble,masculin,singulier,e
1805,225,Meuble de micro-ondes,Meuble,masculin,singulier,e
1806,225,Meuble range-bouteilles,Meuble,masculin,singulier,e
1819,225,Meuble sous vasque,Meuble,masculin,singulier,e
1830,225,Meuble classeur,Meuble,masculin,singulier,e
1831,225,Meuble de séparation,Meuble,masculin,singulier,e
1839,225,Meuble à langer,Meuble,masculin,singulier,e
1840,225,Meuble de rangement,Meuble,masculin,singulier,e
1883,225,Meuble hamac,Meuble,masculin,singulier,e
1912,225,Meuble range DVD,Meuble,masculin,singulier,e
1914,225,Meuble,Meuble,masculin,singulier,e
1016,226,Micro-ondes,Micro-ondes,masculin,singulier,s
677,196,Micro-perfuseur,Micro-perfuseur,masculin,singulier,r
688,319,Micro-perfuseur (DASRI),Micro-perfuseur,masculin,singulier,r
702,347,Microbineuse thermique,Microbineuse,féminin,singulier,e
858,126,Minéraux radioactifs,Minéraux,masculin,pluriel,x
1613,369,Mini poteau gonflable de rugby,Mini,masculin,singulier,i
1875,225,Mini fauteuil club,Mini,masculin,singulier,i
17,265,Mini-aspirateur,Mini-aspirateur,masculin,singulier,r
1540,369,Mini-but,Mini-but,masculin,singulier,t
379,244,Mire,Mire,féminin,singulier,e
474,227,Miroir (glace),Miroir,masculin,singulier,r
73,364,Mitaine,Mitaine,féminin,pluriel,e
19,265,Mixeur,Mixeur,masculin,singulier,r
556,194,Mobile,Mobile,masculin,singulier,e
544,194,Mobilier de poupée,Mobilier,féminin,singulier,r
1744,225,Mobilier animalier,Mobilier,masculin,singulier,r
1444,96,Mocassins,Mocassins,masculin,pluriel,s
187,229,Montre électronique,Montre,féminin,singulier,e
188,229,Montre connectée,Montre,féminin,singulier,e
189,230,Montre mécanique,Montre,féminin,singulier,e
475,231,Moquette,Moquette,féminin,singulier,e
921,234,Morceaux de verre,Morceaux,masculin,pluriel,x
922,232,Morceaux de bois,Morceaux,masculin,pluriel,x
1296,233,Morceaux de métal,Morceaux,masculin,pluriel,x
920,235,Mort aux rats,Mort,féminin,singulier,t
1389,129,Moto-cycle,Moto-cycle,féminin,singulier,e
700,347,Motobineuse thermique,Motobineuse,féminin,singulier,e
701,347,Motoculteur thermique,Motoculteur,masculin,singulier,r
1132,416,Mouchoir en papier,Mouchoir,masculin,singulier,r
1469,203,Mouchoir en tissu,Mouchoir,masculin,singulier,r
72,364,Mouffle,Mouffle,féminin,singulier,e
817,168,Moules,Moules,féminin,pluriel,s
1596,369,Moulinet de canne à pêche,Moulinet,masculin,singulier,t
886,285,Mousse de polyuréthane,Mousse,féminin,singulier,e
895,285,Mousse expansive,Mousse,féminin,singulier,e
918,238,Mousse isolante,Mousse,féminin,singulier,e
1020,236,Mousse à raser en bombe aérosol,Mousse,féminin,singulier,e
993,29,MP3,MP3,masculin,singulier,3
1250,355,Mug,Mug,masculin,singulier,g
1002,219,Multiprise,Multiprise,féminin,singulier,e
1463,203,Nappe,Nappe,féminin,singulier,e
932,202,Navets,Navets,masculin,pluriel,s
906,263,Négatifs (photos),Négatifs,masculin,pluriel,s
176,352,Néon,Néon,masculin,singulier,n
778,11,nettoyant,nettoyant,masculin,singulier,t
917,239,Nettoyant cheminée,Nettoyant,féminin,singulier,t
1217,283,Nettoyant pour vitres,Nettoyant,masculin,singulier,t
1218,283,Nettoyant pour sols,Nettoyant,masculin,singulier,t
29,265,Nettoyeur haute pression,Nettoyeur,masculin,singulier,r
709,347,Nettoyeur à haute pression thermique,Nettoyeur,masculin,singulier,r
479,442,Niche,Niche,féminin,singulier,e
380,244,Nichoir,Nichoir,masculin,singulier,r
381,244,Niveau à bulles,Niveau,masculin,singulier,u
382,244,Nivelle pour mire,Nivelle,féminin,singulier,e
1445,96,Nu-pieds,Nu-pieds,masculin,pluriel,s
856,126,Objet au radium à usage médical,Objet,masculin,singulier,t
1394,425,Objet en plastique,Objet,masculin,singulier,t
138,145,Onduleur électrique,Onduleur,masculin,singulier,r
1409,220,onduleur,onduleur,masculin,singulier,r
1036,405,Opercule en alu / métal,Opercule,masculin,singulier,e
1056,406,Opercule en plastique,Opercule,masculin,singulier,e
719,240,Ordinateur fixe,Ordinateur,masculin,singulier,r
1334,241,Ordinateur portable,Ordinateur,masculin,singulier,r
96,408,Oreiller ergonomique,Oreiller,masculin,singulier,r
99,408,Oreiller,Oreiller,masculin,singulier,r
855,126,ORUM,ORUM,masculin,singulier,M
527,242,Os de viande,Os,masculin,pluriel,s
528,242,Os,Os,masculin,pluriel,s
1707,225,Ottomane,Ottomane,masculin,singulier,e
160,243,"Outil électrique (bricolage, jardinage)",Outil,masculin,singulier,l
393,244,Outil de mesure et de traçage,Outil,masculin,singulier,l
397,244,Outil pneumatique,Outil,masculin,singulier,l
471,244,"Outil manuel (bricolage, jardinage)",Outil,masculin,singulier,l
708,347,Outil multifonctions thermique combisystème ou multisystème,Outil,masculin,singulier,l
174,448,Outillage du peintre (bricolage),Outillage,masculin,singulier,e
383,244,Outillage d'alimentation en eau potable (aep),Outillage,masculin,singulier,e
384,244,Outillage de fontainerie,Outillage,masculin,singulier,e
385,244,Outillage de serrage et découpage,Outillage,masculin,singulier,e
386,244,Outillage d'électricien,Outillage,masculin,singulier,e
387,244,Outillage de couvreur,Outillage,masculin,singulier,e
388,244,Outillage de maçon,Outillage,masculin,singulier,e
389,244,Outillage lourd de carreleur,Outillage,masculin,singulier,e
390,244,Outillage pour le travail du bois,Outillage,masculin,singulier,e
391,244,Outillage pour tuyauterie,Outillage,masculin,singulier,e
392,244,Outillage spécifique du plâtrier-plaquiste,Outillage,masculin,singulier,e
394,244,Outils de terrassement,Outils,masculin,pluriel,s
395,244,Outils du plombier,Outils,masculin,pluriel,s
396,244,Outils et accessoires de carreleur,Outils,masculin,pluriel,s
398,244,Outils pour travaux d'étanchéité,Outils,masculin,pluriel,s
1308,434,Ouvre-boîte,Ouvre-boîte,masculin,singulier,e
1307,434,Ouvre-bouteille,Ouvre-bouteille,masculin,singulier,e
399,244,Ouvre-caisse,Ouvre-caisse,masculin,singulier,e
1095,370,Pagaie,Pagaie,féminin,singulier,e
1072,424,Paillasson intérieur,Paillasson,masculin,singulier,n
1071,424,Paillassonextérieur,Paillassonextérieur,masculin,singulier,r
1598,369,Palet de hockey,Palet,masculin,singulier,t
1330,245,Palette en bois,Palette,féminin,singulier,e
1096,370,Palme,Palme,féminin,singulier,e
1518,372,Palmes,palmes,féminin,pluriel,s
87,408,Panier pour animaux,Panier,masculin,singulier,r
400,244,Panier de plantation,Panier,masculin,singulier,r
1600,369,Panier de basket,Panier,masculin,singulier,r
1745,225,Panier à linge,Panier,masculin,singulier,r
110,246,Panneau d'aggloméré (bois/résine),Panneau,masculin,singulier,u
1468,203,Panneau japonais,Panneau,masculin,singulier,u
1599,369,Panneau de basket,Panneau,masculin,singulier,u
1746,225,Panneau de meuble,Panneau,masculin,singulier,u
1633,422,Panneaux solaires,Panneaux,masculin,pluriel,x
1634,422,Panneaux photovoltaïques,Panneaux,masculin,pluriel,x
1205,122,Pansement,Pansement,masculin,singulier,t
50,364,Pantacourt,Pantacourt,masculin,singulier,t
47,364,Pantalon,Pantalon,masculin,singulier,n
1554,369,pantalon d'escrime,pantalon,masculin,singulier,n
1932,23,Pantalon en cuir,Pantalon,masculin,singulier,n
1436,96,Pantoufles,Pantoufles,féminin,pluriel,s
838,148,Papier absorbant,Papier,masculin,singulier,r
914,256,Papier peint,Papier,masculin,singulier,r
915,251,Papier carbone (ou thermique),Papier,masculin,singulier,r
916,250,Papier calque,Papier,masculin,singulier,r
1027,249,Papier cadeau,Papier,masculin,singulier,r
1028,252,Papier de bureau,Papier,masculin,singulier,r
1029,255,Papier kraft,Papier,masculin,singulier,r
1030,253,Papier graphique,Papier,masculin,singulier,r
1044,248,Papier aluminium,Papier,masculin,singulier,r
1201,247,Papier (ou carton) souillé,Papier,masculin,singulier,r
1232,254,Papier gras non plastifié,Papier,masculin,singulier,r
912,257,Papiers photographiques (argentique et imprimante),Papiers,masculin,pluriel,s
1373,86,Paquet de cigarettes vide,Paquet,masculin,singulier,t
1555,369,Parachute,Parachute,masculin,singulier,e
108,258,Paraffine,Paraffine,féminin,singulier,e
1556,369,Parapente,Parapente,masculin,singulier,e
1194,428,Parapluie,Parapluie,masculin,singulier,e
401,244,Parasol,Parasol,masculin,singulier,l
402,244,Parasol chauffant (à gaz),Parasol,masculin,singulier,l
1708,225,Paravent,Paravent,masculin,singulier,t
1420,206,Parc à bébé avec fonction lit,Parc,masculin,singulier,c
504,49,Parquet (bois),Parquet,masculin,singulier,t
1884,225,"Partie de siège (accoudoir, assise, roulettes, dossier...)",Partie,masculin,pluriel,e
1456,203,Parure de lit,Parure,féminin,singulier,e
585,194,Pataugette,Pataugette,féminin,singulier,e
1491,222,Patch de médicament,Patch,masculin,singulier,h
104,284,Pâte à bois,Pâte,masculin,singulier,e
563,194,Pâte à modeler,Pâte,féminin,singulier,e
1778,225,Patère,Patère,féminin,singulier,e
1508,372,"Patins à glace, de hockey sur glace, de curling",Patins,masculin,pluriel,s
1523,300,Patins,Patins,masculin,pluriel,s
1521,372,Pattes d'ours (boxe),Pattes,féminin,pluriel,s
718,240,PC fixe,PC,masculin,singulier,C
1333,241,PC portable,PC,masculin,singulier,C
1151,423,Peau de bête,Peau,féminin,singulier,u
1125,370,Pédale de vélo,Pédale,féminin,singulier,e
1461,203,Peignoir,Peignoir,masculin,singulier,r
192,259,"Peinture à l'eau (gouache, aquarelle, acrylique, vinyle...)",Peinture,féminin,singulier,e
193,262,Peinture anti-fouling,Peinture,féminin,singulier,e
195,262,"Peinture synthétique (acrylique, glycéro...)",Peinture,féminin,singulier,e
908,261,Peinture naturelle,Peinture,féminin,singulier,e
909,260,Peinture à l'huile (glycéro...),Peinture,féminin,singulier,e
403,244,Pelle,Pelle,féminin,singulier,e
404,244,Pelle à neige,Pelle,féminin,singulier,e
584,194,Pelle à neige (luge),Pelle,féminin,singulier,e
1104,370,Pelle d'aviron,Pelle,féminin,singulier,e
907,263,Pellicule (photographique ou de film),Pellicule,féminin,singulier,e
546,194,Peluche,Peluche,féminin,singulier,e
1686,225,Penderie,Penderie,féminin,singulier,e
152,243,Perceuse,Perceuse,féminin,singulier,e
405,244,Pergola non-maçonnée,Pergola,féminin,singulier,a
905,264,Pesticide,Pesticide,masculin,singulier,e
533,14,Pesticides,Pesticides,masculin,pluriel,s
33,265,Petit électroménager,Petit,masculin,singulier,t
406,244,Petit outil de jardin,Petit,masculin,singulier,t
1938,151,Petit extincteur à poudre ou à mousse (moins de 2 kg ou 2 L),Petit,masculin,singulier,t
789,2,Phare,Phare,masculin,singulier,e
911,257,Photographies,Photographies,féminin,pluriel,s
910,257,Photos,Photos,féminin,pluriel,s
1648,191,Piano électrique,Piano,masculin,singulier,o
1653,441,piano,piano,masculin,singulier,o
1097,370,Pièce détachée skate-board,Pièce,féminin,singulier,e
1129,370,"Pièce détachée de vélo (moyeu, jeu de direction, plateau, dérailleur, poignée, chaîne, cadre, guidon, fourche...)",Pièce,féminin,pluriel,e
407,244,Pied de biche,Pied,masculin,singulier,d
408,244,Pied de parasol,Pied,masculin,singulier,d
1726,225,Pieds de meuble,Pieds,masculin,pluriel,s
525,266,Pierres,Pierres,féminin,pluriel,s
1709,225,Piétement de table,Piétement,masculin,singulier,t
1832,225,"Piétement de meuble (bureau, siège, table...)",Piétement,masculin,pluriel,t
904,267,Pigment,Pigment,masculin,singulier,t
1660,269,Pile rechargeable,Pile,féminin,singulier,e
1661,268,Pile jetable,Pile,féminin,singulier,e
1487,222,Pillule de médicament,Pillule,féminin,singulier,e
217,244,Pince (outil de bricolage),Pince,féminin,singulier,e
1573,369,pince-nez (piscine),pince-nez,masculin,singulier,z
165,448,Pinceau de peinture (bricolage),Pinceau,masculin,singulier,u
214,164,Pinceau (fourniture scolaire ou artistique),Pinceau,masculin,singulier,u
410,244,Pioche,Pioche,féminin,singulier,e
411,244,Pioche à bec,Pioche,féminin,singulier,e
412,244,Pioche de terrassement,Pioche,féminin,singulier,e
633,373,Piolet,Piolet,masculin,singulier,t
413,244,Pistolet à cartouche (bricolage),Pistolet,masculin,singulier,t
414,244,Pistolet à colle,Pistolet,masculin,singulier,t
415,244,Pistolet à poche,Pistolet,masculin,singulier,t
416,244,Pistolet d'arrosage,Pistolet,masculin,singulier,t
586,194,Pistolet à eau,Pistolet,masculin,singulier,t
773,20,Pistolet,Pistolet,masculin,singulier,t
1670,225,Placard,Placard,masculin,singulier,d
1807,225,Plan de travail,Plan,masculin,singulier,n
1822,225,Plan à langer,Plan,masculin,singulier,n
417,244,Plancha (à gaz),Plancha,féminin,singulier,a
1098,370,Planche de bodyboard,Planche,féminin,singulier,e
1099,370,Planche de kite-surf,Planche,féminin,singulier,e
1100,370,Planche de surf (en mousse ou rigide),Planche,féminin,singulier,e
1101,370,Planche de windsurf,Planche,féminin,singulier,e
1127,370,"Planche de sport nautique (surf, kitesurf, windsurf, bodyboard)",Planche,féminin,singulier,e
1280,435,Planche hoverboard,Planche,féminin,singulier,e
1281,435,"Planche à roulette électrique (skateboard, longboard...)",Planche,masculin,singulier,e
1525,323,Planche à roulettes,Planche,féminin,singulier,e
1528,329,Planche à repasser,Planche,féminin,singulier,e
1058,270,Plante,Plante,féminin,singulier,e
1381,180,Plaque de cuisson,Plaque,féminin,singulier,e
492,271,plaques de plâtre,plaques,féminin,pluriel,s
1331,457,Plaquette de médicaments (vide),Plaquette,féminin,singulier,e
1519,372,Plaquettes (natation),plaquettes,féminin,pluriel,s
1299,354,Plat en pyrex,Plat,masculin,singulier,t
1710,225,Plateau de table,Plateau,masculin,singulier,u
1842,225,Plateau de bureau,Plateau,masculin,singulier,u
496,271,Plâtre,Plâtre,masculin,singulier,e
1808,225,Plinthe de meuble,Plinthe,féminin,singulier,e
903,272,Plomb,Plomb,masculin,singulier,b
902,273,Plombage,Plombage,masculin,singulier,e
764,30,Plumeau,Plumeau,masculin,singulier,u
418,244,Pluviomètre,Pluviomètre,masculin,singulier,e
634,373,Pneu de vélo,Pneu,masculin,singulier,u
1451,275,Pneu de voiture / moto / scooter,Pneu,masculin,singulier,u
1141,276,Poche plastique jetable (non biodégradable),Poche,féminin,singulier,e
1207,122,Poche de perfusion vide,Poche,féminin,singulier,e
1208,122,Poche de nutrition,Poche,féminin,singulier,e
1211,122,Poche urinaire,Poche,féminin,singulier,e
1664,305,Poche plastique jetable biodégradable,Poche,féminin,singulier,e
1142,276,Pochette plastique d'emballage,Pochette,féminin,singulier,e
1246,59,Pochette alimentaire (en plastique),Pochette,féminin,singulier,e
1302,434,Poêle,Poêle,féminin,singulier,e
1509,372,"Poids, haltères","Poids,",masculin,pluriel,","
1618,21,Poignard,Poignard,masculin,singulier,d
1123,370,Poignée de vélo,Poignée,féminin,singulier,e
1741,225,Poignée de meuble,Poignée,féminin,singulier,e
419,244,Pointe à tracer,Pointe,féminin,singulier,e
420,244,Pointeau,Pointeau,masculin,singulier,u
421,244,Pointerolle,Pointerolle,féminin,singulier,e
422,244,Pointes clous à tête plate,Pointes,féminin,pluriel,s
1516,372,Pointes d'athlétisme,Pointes,féminin,pluriel,s
821,167,Poire abîmée,Poire,féminin,singulier,e
929,202,Poireaux,Poireaux,masculin,pluriel,x
1354,7,Poisson (restes),Poisson,masculin,singulier,n
888,285,Polish,Polish,masculin,singulier,h
57,364,Polo,Polo,masculin,singulier,o
90,408,Polochon,Polochon,masculin,singulier,n
608,218,Polystyrène expansé (PSE) - Matériau d'isolation,Polystyrène,masculin,singulier,e
1052,277,Polystyrène expansé (calage),Polystyrène,masculin,singulier,e
1484,222,Pommade de médicament,Pommade,féminin,singulier,e
820,167,Pomme abîmée,Pomme,féminin,singulier,e
933,202,Pommes de terre,Pommes,féminin,pluriel,s
423,244,Pompe,Pompe,féminin,singulier,e
707,347,Pompe à eau thermique,Pompe,féminin,singulier,e
1102,370,"Pompe (vélo, sports nautiques)",Pompe,féminin,singulier,e
1128,370,"Pompe (vélo, sports nautiques...)",Pompe,féminin,singulier,e
154,243,Ponceuse,Ponceuse,féminin,singulier,e
1766,225,Portant,Portant,masculin,singulier,t
505,49,Porte en bois (matériau du bâtiment),Porte,féminin,singulier,e
1728,225,Porte battante de meuble,Porte,féminin,singulier,e
1557,369,Porte-bébé pour vélo,Porte-bébé,masculin,singulier,é
1727,225,Porte-manteaux sur pied,Porte-manteaux,masculin,singulier,x
1841,225,Porte-revue sur pied,Porte-revue,masculin,singulier,e
1835,225,Porte-savon,Porte-savon,masculin,singulier,n
1393,425,Porte-vue,Porte-vue,masculin,singulier,e
1927,23,Portefeuille en cuir,Portefeuille,masculin,singulier,e
574,194,Porteur (jouet),Porteur,masculin,singulier,r
590,194,Portique,Portique,masculin,singulier,e
151,407,Pot de yaourt en grès,Pot,masculin,singulier,t
194,262,Pot de peinture synthétique,Pot,masculin,singulier,t
426,244,Pot de fleur,Pot,masculin,singulier,t
469,244,Pot de fleurs,pot,masculin,singulier,t
653,45,Pot de yaourt en verre,Pot,masculin,singulier,t
901,278,Pot catalytique,Pot,masculin,singulier,t
1138,52,Pot de yaourt en carton,Pot,masculin,singulier,t
1275,280,Pot de yaourt en plastique,Pot,masculin,singulier,t
1276,280,"Pot en plastique (yaourt, crème fraîche)",Pot,masculin,singulier,t
424,244,Potager urbain,Potager,masculin,singulier,r
1558,369,"Poteau, mini poteau de foot","Poteau,",masculin,singulier,","
1612,369,"Poteau, mini poteau de rugby","Poteau,",masculin,singulier,","
1122,370,Potence de vélo,Potence,féminin,singulier,e
425,244,Poterie,Poterie,féminin,singulier,e
966,307,Poubelle,Poubelle,féminin,singulier,e
1798,225,Poubelle (indépendante ou intégrée),Poubelle,féminin,singulier,e
1261,110,Poudre,Poudre,féminin,singulier,e
1885,225,Pouf,Pouf,masculin,singulier,f
1886,225,Pouf poire,Pouf,masculin,singulier,f
1887,225,Pouf micro-billes,Pouf,masculin,singulier,f
427,244,Poulailler,Poulailler,masculin,singulier,r
540,194,Poupée,Poupée,féminin,singulier,e
542,194,Poupée mannequin,Poupée,féminin,singulier,e
539,194,Poupon,Poupon,masculin,singulier,n
617,445,Poussette,Poussette,féminin,singulier,e
1327,438,Poussière,Poussière,féminin,singulier,e
900,281,Préservatif,Préservatif,masculin,singulier,f
428,244,Presse de bricolage,Presse,féminin,singulier,e
1000,219,Prise,Prise,féminin,singulier,e
101,408,Produit d'ameublement rembourré,Produit,masculin,singulier,t
779,11,produit d'entretien,produit,masculin,singulier,t
897,285,Produit pour ramoner les cheminées,Produit,masculin,singulier,t
899,285,Produit chimique,Produit,masculin,singulier,t
977,286,Produit phytopharmaceutique non utilisé,Produit,masculin,pluriel,t
1220,283,Produit d'entretien ménager non-dangereux,Produit,masculin,singulier,t
105,284,Produits à base d'hydrocarbures,Produits,masculin,pluriel,s
190,15,Produits d'entretien,Produits,masculin,pluriel,s
978,286,Produits phytopharmaceutiques non utilisés,Produits,masculin,pluriel,s
979,282,Produits de traitement des matériaux (dont bois),Produits,masculin,pluriel,s
983,287,Produits pyrotechniques,Produits,masculin,pluriel,s
1026,288,Prospectus,Prospectus,masculin,pluriel,s
429,244,Protection auditive (bricolage),Protection,féminin,pluriel,n
430,244,Protection des voies respiratoires (masque de bricolage),Protection,féminin,singulier,n
431,244,Protection des yeux (bricolage),Protection,féminin,pluriel,n
1392,425,Protège-cahier,Protège-cahier,masculin,singulier,r
1459,203,Protège-matelas,Protège-matelas,masculin,singulier,s
637,373,Protège-poignet,Protège-poignet,masculin,singulier,t
635,373,Protège-tibia,Protège-tibia,masculin,singulier,a
1024,288,Publicité,Publicité,masculin,singulier,é
1025,288,Publicités,Publicités,féminin,pluriel,s
117,100,Puff,Puff,féminin,singulier,f
45,364,Pull,Pull,masculin,singulier,l
303,244,Pulvérisateur,Pulvérisateur,masculin,singulier,r
697,347,"Pulvérisateur thermique,  Atomiseur thermique à dos",Pulvérisateur,masculin,singulier,r
1604,369,Punch paddle (boxe),Punch,masculin,singulier,h
1770,225,Pupitre,Pupitre,masculin,singulier,e
597,194,Puzzle,Puzzle,masculin,singulier,e
1631,422,PV,PV,masculin,singulier,V
109,290,PVC (Polychlorure de vinyle),PVC,masculin,singulier,C
1736,225,Quincaillerie de meuble,Quincaillerie,féminin,singulier,e
432,244,Rabot,Rabot,masculin,singulier,t
1729,225,Raccord de meubles modulaires,Raccord,masculin,singulier,d
1605,369,Rack de musculation,Rack,masculin,singulier,k
433,244,Racleur,Racleur,masculin,singulier,r
796,1,Radar de stationnement,Radar,masculin,singulier,r
1013,291,Radiateur électrique,Radiateur,masculin,singulier,r
1017,292,Radiateur en fonte,Radiateur,masculin,singulier,r
132,145,Radio,Radio,masculin,singulier,o
126,145,Radio-réveil,Radio-réveil,masculin,singulier,l
976,293,Radiographie,Radiographie,féminin,singulier,e
1559,369,Raft,Raft,masculin,singulier,t
825,167,Raisins abîmés,Raisins,masculin,pluriel,s
1001,219,Rallonge,Rallonge,féminin,singulier,e
1697,225,Rallonge et extension de table,rallonge,féminin,singulier,e
1103,370,Rame,Rame,féminin,singulier,e
1606,369,Rameur,Rameur,masculin,singulier,r
434,244,Rampe de chargement,Rampe,féminin,singulier,e
1717,225,Range bouteille,Range,masculin,singulier,e
1854,225,Range-bûches,Range-bûches,masculin,singulier,s
1810,225,Range-couvert,Range-couvert,masculin,singulier,t
1824,225,Range-outils,Range-outils,masculin,singulier,s
1730,225,Rangement coulissant pour caisson,Rangement,masculin,singulier,t
1820,225,Rangement sous lavabo,Rangement,masculin,singulier,t
222,244,Râpe (outil de bricolage),Râpe,féminin,singulier,e
1105,370,"Raquette (tennis, badminton, squash, ping-pong...)",Raquette,féminin,singulier,e
1510,372,Raquettes de ski,Raquettes,féminin,pluriel,s
122,145,Rasoir électrique,Rasoir,masculin,singulier,r
975,294,Rasoir jetable,Rasoir,masculin,singulier,r
435,244,Rateau,Rateau,masculin,singulier,u
919,235,Raticide,Raticide,masculin,singulier,e
1603,369,Rayon de vélo,Rayon,masculin,singulier,n
1731,225,Rayonnage,Rayonnage,masculin,singulier,e
514,217,Receveur de douche en céramique,Receveur,masculin,singulier,r
171,448,Recharge en plastique de bac plat à peinture (bricolage),Recharge,féminin,singulier,e
654,45,Récipient en verre,Récipient,masculin,singulier,t
1023,288,Réclame,Réclame,féminin,singulier,e
436,244,Récupérateur d'eau,Récupérateur,masculin,singulier,r
1388,295,Réfrigérateur,Réfrigérateur,masculin,singulier,r
438,244,Règle aluminium (bricolage),Régle,féminin,singulier,e
198,164,Règle,Règle,féminin,singulier,e
437,244,Règle à niveau,Règle,féminin,singulier,e
1711,225,Réhausse TV,Réhausse,masculin,singulier,e
34,178,Remblai,Remblai,masculin,singulier,i
127,145,Répondeur,Répondeur,masculin,singulier,r
1712,225,Repose-pied,Repose-pied,masculin,singulier,d
974,296,Répulsif,Répulsif,masculin,singulier,f
439,244,Réservoir externe,Réservoir,masculin,singulier,r
1318,127,Résidus d'élagage,Résidus,féminin,pluriel,s
1319,127,Résidus de débroussaillement,Résidus,masculin,pluriel,s
972,297,Résine,Résine,féminin,singulier,e
973,297,Résines,Résines,féminin,pluriel,s
1348,298,Restes,Restes,masculin,pluriel,s
1349,298,Restes de repas,Restes,masculin,pluriel,s
1843,225,Retour et angle de bureau,Retour,masculin,singulier,r
788,2,Rétroviseur,Rétroviseur,masculin,singulier,r
133,145,Réveil matin,Réveil,masculin,singulier,l
768,28,Révélateur photographique,Révélateur,masculin,singulier,r
1813,225,"Revêtement de meuble (portes de placard, plan de travail...)",revêtement,masculin,singulier,t
1911,225,Revêtement de plan de travail,Revêtement,masculin,singulier,t
774,20,Revolver,Revolver,masculin,singulier,r
1365,212,Revue,Revue,féminin,singulier,e
12,265,Rice-cooker,Rice-cooker,masculin,singulier,r
1152,423,Rideau obscurcissant,Rideau,masculin,singulier,u
1153,423,Rideau occultant,Rideau,masculin,singulier,u
1154,423,Rideau phonique,Rideau,masculin,singulier,u
1155,423,Rideau tamisant,Rideau,masculin,singulier,u
1156,423,Rideau thermique,Rideau,masculin,singulier,u
1157,423,Rideau,Rideau,masculin,singulier,u
1158,423,Rideau moustiquaire,Rideau,masculin,singulier,u
1180,423,Rideaux et leurs accessoires,Rideaux,masculin,pluriel,x
440,244,Riflard,Riflard,masculin,singulier,d
70,364,Robe,Robe,féminin,singulier,e
18,265,Robot,Robot,masculin,singulier,t
2057,471,Robot de cuisine,Robot,masculin,singulier,t
2056,471,Robot pâtissier,Robot,masculin,singulier,t
1014,299,Robot-aspirateur,Robot-aspirateur,masculin,singulier,r
1524,300,Rollers,Rollers,masculin,pluriel,s
971,301,Rouge à lèvres,Rouge,masculin,singulier,e
166,448,Rouleau de peinture (bricolage),Rouleau,masculin,singulier,u
210,164,Ruban adhésif,Ruban,masculin,singulier,n
441,244,Ruche,Ruche,féminin,singulier,e
969,302,Sable de chantier,Sable,masculin,singulier,e
970,302,Sable,Sable,masculin,singulier,e
1447,96,Sabots,Sabots,masculin,pluriel,s
86,408,Sac de couchage,Sac,masculin,singulier,c
443,244,Sac à déchets de jardin,Sac,masculin,singulier,c
967,307,Sac poubelle,Sac,masculin,singulier,c
968,304,Sac isotherme,Sac,masculin,singulier,c
1054,306,Sac plastique jetable classique (non biodégradable),Sac,masculin,singulier,c
1062,303,Sac en coton (tissu),Sac,masculin,singulier,c
1230,431,sac réutilisable,sac,masculin,singulier,c
1325,438,sac d'aspirateur plein,sac,masculin,singulier,c
1326,438,sac d'aspirateur plein de poussière,sac,masculin,singulier,c
1560,369,Sac de frappe,Sac,masculin,singulier,c
1561,369,Sac de golf,Sac,masculin,singulier,c
1562,369,Sac de randonnée avec ceinture ventrale,Sac,masculin,singulier,c
1665,305,Sac plastique jetable compostable,Sac,masculin,singulier,c
1666,305,Sac plastique jetable biodégradable,Sac,masculin,singulier,c
1929,23,Sac à main en cuir,Sac,masculin,singulier,c
2035,369,Sac à dos,Sac,masculin,singulier,c
965,309,Sachet de thé,Sachet,masculin,singulier,t
1187,308,Sachet alimentaire (en plastique),Sachet,masculin,singulier,t
1357,7,Sachets et feuilles de thés,Sachets,masculin,pluriel,s
1928,23,Sacoche en cuir,Sacoche,féminin,singulier,e
1448,96,Sandales,Sandales,féminin,pluriel,s
1313,310,Sapin,Sapin,masculin,singulier,n
1314,310,Sapin de Noël naturel,Sapin,masculin,singulier,n
1437,96,Savattes,Savattes,féminin,pluriel,s
1654,441,saxophone,saxophone,masculin,singulier,e
1396,220,Scanner,Scanner,masculin,singulier,r
704,347,Scarificateur thermique,Scarificateur,masculin,singulier,r
157,243,Scie circulaire,Scie,féminin,singulier,e
159,243,Scie sauteuse,Scie,féminin,singulier,e
226,244,"Scie non électrique (à bois, à bûche, à métaux, arboricole, de jardin...)",Scie,féminin,singulier,e
711,347,Scie à bûches thermique,Scie,féminin,singulier,e
1297,311,Sciure,Sciure,féminin,singulier,e
1298,311,Sciure de bois,Sciure,féminin,singulier,e
1283,421,Scooter de mer,Scooter,masculin,singulier,r
197,164,Scotch,Scotch,masculin,singulier,h
444,244,Seau,Seau,masculin,singulier,u
445,244,Sécateur,Sécateur,masculin,singulier,r
1497,312,Sèche-cheveux,Sèche-cheveux,masculin,singulier,x
1379,180,Sèche-linge,Sèche-linge,masculin,singulier,e
1844,225,Secrétaire,Secrétaire,masculin,singulier,e
1767,225,Semainier (meuble),Semainier,masculin,singulier,r
446,244,Serfouette,Serfouette,féminin,singulier,e
672,314,Seringue sans aiguille (contaminée),Seringue,féminin,singulier,e
673,313,Seringue avec aiguille solidaire,Seringue,féminin,singulier,e
674,313,Seringue pré-remplie,Seringue,féminin,singulier,e
675,313,Seringue avec aiguille,Seringue,féminin,singulier,e
1377,315,Seringue sans aiguille (non-contaminée),Seringue,masculin,singulier,e
447,244,Serre de jardin,Serre,féminin,singulier,e
1853,225,Serre-bûches,Serre-bûches,masculin,singulier,s
448,244,Serre-joint,Serre-joint,masculin,singulier,t
1749,225,Servante d'atelier,Servante,féminin,singulier,e
962,318,Serviette hygiénique,Serviette,féminin,singulier,e
963,316,Serviette en papier,Serviette,féminin,singulier,e
1454,203,Serviette de bain,Serviette,féminin,singulier,e
1472,317,Serviette en tissu,Serviette,féminin,singulier,e
691,319,Set de transfert,Set,masculin,singulier,t
1159,423,Set d'angle,Set,masculin,singulier,t
1466,203,Sets de table,Set,masculin,pluriel,t
1214,320,Shampoing (flacon en plastique),Shampoing,masculin,singulier,g
48,364,Short,Short,masculin,singulier,t
1563,369,Short rembourré,Short,masculin,singulier,t
1607,369,"Shorty, veste, combinaison en néoprène enfant","Shorty,",féminin,singulier,","
161,321,Siège voiture,Siège,masculin,singulier,e
162,321,Siège auto,Siège,masculin,singulier,e
1821,225,Siège de bain,Siège,masculin,singulier,e
1888,225,Siège articulé,Siège,masculin,singulier,e
1889,225,Siège d'extérieur,Siège,masculin,singulier,e
1890,225,Siège de camping,Siège,masculin,singulier,e
1891,225,Siège,Siège,masculin,singulier,e
1892,225,Siège pour animal domestique,Siège,masculin,singulier,e
1893,225,Siège transformable en lit,Siège,masculin,singulier,e
1193,322,Sirène (alarme),Sirène,féminin,singulier,e
1479,222,Sirop de médicament,Sirop,masculin,singulier,p
1526,323,Skate,Skate,masculin,singulier,e
1527,323,Skate-board,Skate-board,masculin,singulier,d
576,194,Skateboard d'enfant (jouet),Skateboard,masculin,singulier,d
1511,372,Skis,Skis,masculin,pluriel,s
1512,372,Skis nautiques,Skis,masculin,pluriel,s
1608,369,Slackline,Slackline,féminin,singulier,e
63,364,Slip,Slip,masculin,singulier,p
1915,334,Smartphone,Smartphone,masculin,singulier,e
1449,96,Snow-boot,Snow-boot,féminin,pluriel,t
1564,369,Snowboard,Snowboard,masculin,singulier,d
1814,225,Socle de caisson,Socle,masculin,singulier,e
1390,129,Solex,Solex,masculin,singulier,x
961,324,Solvant,Solvant,masculin,singulier,t
1421,206,Sommier à lattes,Sommier,masculin,singulier,r
1422,206,Sommier,Sommier,masculin,singulier,r
1423,206,Sommier fagot,Sommier,masculin,singulier,r
1424,206,Sommier futon,Sommier,masculin,singulier,r
1425,206,Sommier motorisé,Sommier,masculin,singulier,r
1426,206,Sommier de relaxation (électronique ou mécanique),Sommier,masculin,singulier,r
1427,206,Sommier tapissier,Sommier,masculin,singulier,r
839,148,Sopalin,Sopalin,masculin,singulier,n
449,244,Soucoupe de jardinière,Soucoupe,féminin,singulier,e
959,325,Soude,Soude,féminin,singulier,e
695,347,Souffleur thermique,Souffleur,masculin,singulier,r
450,244,Souflette,Souflette,féminin,singulier,e
1438,96,Souliers,Souliers,masculin,pluriel,s
1404,220,Souris (informatique),Souris,féminin,singulier,s
887,285,Sous-couche,Sous-couche,féminin,singulier,e
1464,203,Sous-nappe,Sous-nappe,masculin,singulier,e
75,364,Sous-vêtement,Sous-vêtement,masculin,singulier,t
79,364,Soutien-gorge,Soutien-gorge,masculin,singulier,e
1609,369,Speedball,Speedball,masculin,singulier,l
1489,222,Spray de médicament,Spray,masculin,singulier,y
834,154,Stabilo,Stabilo,masculin,singulier,o
1565,369,Stand-up paddle (gonflable ou rigide),Stand-up,masculin,singulier,p
1401,220,Station d'accueil (informatique),Station,féminin,singulier,n
1610,369,Step de gymnastique,Step,masculin,singulier,p
1160,423,Store alvéolaire,Store,masculin,singulier,e
1161,423,Store bateau,Store,masculin,singulier,e
1162,423,Store californien,Store,masculin,singulier,e
1163,423,Store enrouleur,Store,masculin,singulier,e
1164,423,Store japonais,Store,masculin,singulier,e
1165,423,Store occultant,Store,masculin,singulier,e
1166,423,Store plissé,Store,masculin,singulier,e
1167,423,Store pour fenêtre de toit,Store,masculin,singulier,e
1168,423,Store vénitien,Store,masculin,singulier,e
1169,423,Structure de penderie,Structure,féminin,singulier,e
1732,225,Structure de rangement,Structure,masculin,singulier,e
1773,225,Structure de lit,Structure,féminin,singulier,e
686,327,Stylo avec aiguille (médical),Stylo,masculin,singulier,o
957,326,Stylo bille,Stylo,masculin,singulier,o
958,326,Stylo à bille,Stylo,masculin,singulier,o
956,328,Stylo-plume,Stylo-plume,masculin,singulier,e
1170,423,"Support de fixation (rideau, penderie)",Support,masculin,singulier,t
1718,225,Support mural d'accrochage,Support,masculin,singulier,t
1825,225,Support de barbecue,Support,masculin,singulier,t
1834,225,Support brosse WC,Support,masculin,singulier,t
1837,225,Support de plancha,Support,masculin,singulier,t
1845,225,Support pour ordinateur,Support,masculin,singulier,t
1856,225,Support de jardinière,Support,masculin,singulier,t
1894,225,Support pour hamac de jardin,Support,masculin,singulier,t
1483,222,Suppositoire,Suppositoire,masculin,singulier,e
1428,206,Sur-matelas,Sur-matelas,masculin,singulier,s
1429,206,"Sur-matelas type litier comportant une âme en mousse, latex ou ressort",Sur-matelas,masculin,singulier,s
1846,225,Sur-meuble de bureau,Sur-meuble,masculin,singulier,e
1210,122,Surchaussures,Surchaussures,féminin,pluriel,s
749,46,Surf,Surf,masculin,singulier,f
835,154,Surligneur,Surligneur,masculin,singulier,r
89,408,Surmatelas,Surmatelas,masculin,singulier,s
649,373,Suspente de parapente et parachute,Suspente,masculin,singulier,e
61,364,Sweat,Sweat,masculin,singulier,t
1647,191,Synthétiseur,Synthétiseur,masculin,singulier,r
46,364,T-shirt,T-shirt,masculin,singulier,t
451,244,Table de culture,Table,féminin,singulier,e
452,244,Table élévatrice,Table,féminin,singulier,e
1107,370,Table de billard,Table,féminin,singulier,e
1108,370,Table de ping-pong,Table,féminin,singulier,e
1672,225,Table de chevet,Table,féminin,singulier,e
1674,225,Table,Table,féminin,singulier,e
1678,225,Table à langer,Table,féminin,singulier,e
1679,225,Table de jardin,Table,féminin,singulier,e
1713,225,Table gigogne,Table,féminin,singulier,e
1747,225,Table à repasser,Table,féminin,singulier,e
1769,225,Table de massage,Table,féminin,singulier,e
1777,225,Table basse,Table,féminin,singulier,e
1815,225,Table de préparation,Table,féminin,singulier,e
1816,225,Table encastrable,Table,féminin,singulier,e
1838,225,"Table (à manger, d'extérieur, de jardin, de camping, de pique-nique)",Table,féminin,singulier,e
1849,225,Table pour ordinateur portable,Table,féminin,singulier,e
1851,225,Table de camping pique-nique pliante portable avec 4 sieges,Table,féminin,singulier,e
1852,225,Table et ses 4 sièges solidaires pliables dans une valisette,Table,féminin,singulier,e
1855,225,Table de rempotage,Table,féminin,singulier,e
955,330,Tableau en ardoise,Tableau,masculin,singulier,u
1847,225,Tableau d'écriture,Tableau,masculin,singulier,u
1407,220,Tablette numérique,Tablette,féminin,singulier,e
1411,220,Tablette (informatique),Tablette,féminin,singulier,e
1823,225,Tablette murale,Tablette,féminin,singulier,e
1848,225,Tablette coulissante pour clavier,Tablette,féminin,singulier,e
1913,225,Tablette (mobilier),Tablette,féminin,singulier,e
1452,203,Tablier,Tablier,masculin,singulier,r
1895,225,Tabouret,Tabouret,masculin,singulier,t
1897,225,Tabouret d'enfant,Tabouret,masculin,singulier,t
1455,203,Taie d'oreiller,Taie,féminin,singulier,e
453,244,Taillanderie,Taillanderie,féminin,singulier,e
954,331,Taille-crayon,Taille-crayon,masculin,singulier,n
155,243,Taille-haie électrique,Taille-haie,masculin,singulier,e
454,244,Taille-haie (manuel),Taille-haie,masculin,singulier,e
698,347,Taille-haie thermique,Taille-haie,masculin,singulier,e
1316,127,Tailles de haies,Tailles,masculin,pluriel,s
1317,127,Tailles d'arbustes,Tailles,masculin,pluriel,s
455,244,Taloche,Taloche,féminin,singulier,e
456,244,Tamis,Tamis,masculin,singulier,s
953,332,Tampon hygiénique,Tampon,masculin,singulier,n
1639,358,Tandem,Tandem,masculin,singulier,m
92,408,Tapis d'éveil,Tapis,masculin,singulier,s
1074,424,Tapis,Tapis,masculin,singulier,s
1462,203,Tapis de bain,Tapis,masculin,singulier,s
1566,369,Tapis de sol,Tapis,masculin,singulier,s
1781,225,Tapis à chat ou chien,Tapis,masculin,singulier,s
913,256,Tapisserie,Tapisserie,féminin,singulier,e
703,347,Tarière thermique,Tarière,masculin,singulier,e
1249,355,Tasse,Tasse,féminin,singulier,e
1738,225,Tasseau,Tasseau,masculin,singulier,u
1513,372,Tees,Tees,masculin,pluriel,s
135,145,Télécommande,Télécommande,féminin,singulier,e
1008,333,Téléphone fixe,Téléphone,masculin,singulier,e
1916,334,Téléphone mobile,Téléphone,masculin,singulier,e
1341,335,Téléviseur,Téléviseur,masculin,singulier,r
1339,335,Télévision,Télévision,féminin,singulier,n
223,244,Tenaille,Tenaille,féminin,singulier,e
1434,96,Tennis,Tennis,féminin,pluriel,s
1109,370,Tente,Tente,féminin,singulier,e
1106,370,Tenue de cycliste,Tenue,féminin,singulier,e
657,336,Terre,Terre,féminin,singulier,e
952,337,Terreau,Terreau,masculin,singulier,u
951,338,Test de grossesse,Test,masculin,singulier,t
1779,225,Tête de lit,Tête,féminin,singulier,e
1493,339,Textiles,Textiles,masculin,pluriel,s
964,309,Thé en sachet,Thé,masculin,singulier,é
457,244,Thermomètre non électrique,Thermomètre,masculin,singulier,e
721,342,Thermomètre digital,Thermomètre,masculin,singulier,e
949,341,Thermomètre à mercure,Thermomètre,masculin,singulier,e
950,340,Thermomètre à alcool,Thermomètre,masculin,singulier,e
1073,424,Thibaude,Thibaude,féminin,singulier,e
1362,343,Ticket de métro,Ticket,masculin,singulier,t
1363,343,Ticket de caisse,Ticket,masculin,singulier,t
1364,343,Ticket (transport en commun),Ticket,masculin,singulier,t
1306,434,Timbale en métal,Timbale,féminin,singulier,e
207,164,Tipp-ex,Tipp-ex,masculin,singulier,x
1714,225,Tiroir,Tiroir,masculin,singulier,r
1733,225,Tiroir motorisé,Tiroir,masculin,singulier,r
1768,225,Tiroir de lit,Tiroir,masculin,singulier,r
1171,423,Tissage mural macramé,Tissage,masculin,singulier,e
1172,423,Tissu mural,Tissu,masculin,singulier,u
1900,225,Tissu d'ameublement,Tissu,masculin,singulier,u
15,265,Toaster,Toaster,masculin,singulier,r
589,194,Toboggan,Toboggan,masculin,singulier,n
458,244,Toile de paillage,Toile,masculin,pluriel,e
1173,423,Toile tendue,Toile,féminin,singulier,e
827,167,Tomates abîmées,Tomates,féminin,pluriel,s
139,145,Tondeuse à cheveux électrique,Tondeuse,féminin,singulier,e
140,145,Tondeuse à barbe électrique,Tondeuse,féminin,singulier,e
713,347,Tondeuse à gazon thermique,Tondeuse,féminin,singulier,e
720,345,Tondeuse à gazon électrique,Tondeuse,féminin,singulier,e
948,346,Tondeuse à gazon mécanique,Tondeuse,féminin,singulier,e
1446,96,Tongs,Tongs,féminin,pluriel,s
459,244,Tonnelle,Tonnelle,féminin,singulier,e
1315,127,Tonte de pelouse,Tonte,féminin,singulier,e
947,348,Top-case,Top-case,masculin,singulier,e
1068,398,Toque,Toque,féminin,singulier,e
1467,203,Torchon,Torchon,masculin,singulier,n
94,408,Tour de lit rembourré,Tour,masculin,singulier,r
1174,203,Tour de lit,Tour,masculin,singulier,r
1405,220,Tour (informatique),Tour,féminin,singulier,r
1734,225,Tourillon,Tourillon,masculin,singulier,n
216,244,Tournevis,Tournevis,masculin,singulier,s
35,178,Tout venant,Tout,masculin,singulier,t
1398,220,Trackpad,Trackpad,masculin,singulier,d
121,349,Train électrique (jouet),Train,masculin,singulier,n
588,194,Trampoline (jouet),Trampoline,masculin,singulier,e
1611,369,Trampoline,Trampoline,masculin,singulier,e
1859,225,Transat,Transat,masculin,singulier,t
1896,225,Transat pour bébé,Transat,masculin,singulier,t
1898,225,Transat de bain pour bébé,Transat,masculin,singulier,t
1007,350,Transformateur électrique,Transformateur,masculin,singulier,r
212,164,Transparent,Transparent,masculin,singulier,t
460,244,Transplantoir,Transplantoir,masculin,singulier,r
1615,369,Travel bag (bagagerie sportive),Travel,masculin,singulier,l
84,408,Traversin,Traversin,masculin,singulier,n
461,244,Treillis,Treillis,masculin,singulier,s
67,364,Trench,Trench,masculin,singulier,h
462,244,Tréteau de sciage,Tréteau,masculin,singulier,u
1737,225,Tréteau,Tréteau,masculin,singulier,u
575,194,tricycle enfant (jouet),tricycle,masculin,singulier,e
946,399,Triman,Triman,masculin,singulier,n
1175,423,Tringle à vêtement,Tringle,féminin,singulier,e
1176,423,Tringle à rideau,Tringle,féminin,singulier,e
1774,225,Tringle à penderie,Tringle,féminin,singulier,e
202,164,Trombone,Trombone,masculin,singulier,e
156,243,Tronçonneuse électrique,Tronçonneuse,féminin,singulier,e
699,347,Tronçonneuse thermique,Tronçonneuse,féminin,singulier,e
577,194,Trottinette enfant (jouet),Trottinette,féminin,singulier,e
945,351,Trottinette,Trottinette,féminin,singulier,e
1110,370,Trottinette non électrique,Trottinette,féminin,singulier,e
1282,435,Trottinette électrique,Trottinette,féminin,singulier,e
204,164,Trousse,Trousse,féminin,singulier,e
463,244,Truelle,Truelle,féminin,singulier,e
464,244,Trusquin,Trusquin,masculin,singulier,n
636,373,"Tuba, masque de plongée","Tuba,",masculin,singulier,","
177,352,Tube fluorescent,Tube,masculin,singulier,e
876,105,Tube de colle scolaire,Tube,masculin,singulier,e
1272,433,Tube de cirage,Tube,masculin,singulier,e
1918,128,Tube de crème,Tube,masculin,singulier,e
1919,128,Tube de dentifrice (vide),Tube,masculin,singulier,e
512,217,Tuile,Tuile,féminin,singulier,e
944,353,Tuiles (et terre cuite),Tuiles,féminin,pluriel,s
1245,59,Tupperware,Tupperware,masculin,singulier,e
93,408,Turbulette,Turbulette,féminin,singulier,e
465,244,Tuteur,Tuteur,masculin,singulier,r
466,244,Tuyau,Tuyau,masculin,singulier,u
467,244,Tuyau d'arrosage,Tuyau,masculin,singulier,u
1340,335,TV,TV,féminin,singulier,V
1406,220,Unité centrale,Unité,masculin,singulier,é
1300,354,Ustensile de cuisine,Ustensile,masculin,singulier,e
1683,225,Vaisselier,Vaisselier,masculin,singulier,r
6,356,Vaisselle jetable,Vaisselle,féminin,singulier,e
1253,355,Vaisselle,Vaisselle,féminin,singulier,e
1311,434,Vaisselle en métal,Vaisselle,féminin,singulier,e
1771,225,Valet,Valet,masculin,singulier,t
488,357,Van aménagé,Van,masculin,singulier,n
468,244,Vase de jardin,Vase,masculin,singulier,e
102,285,Vaseline,Vaseline,féminin,singulier,e
1287,421,Vedette,Vedette,féminin,singulier,e
485,357,Véhicule (automobile),Véhicule,masculin,singulier,e
491,357,Véhicule hors d'usage,Véhicule,masculin,singulier,e
557,194,Véhicule miniature,Véhicule,masculin,singulier,e
562,194,Véhicule à friction,Véhicule,masculin,singulier,e
1277,359,Vélo à assistance électrique (VAE),Vélo,masculin,singulier,o
1278,359,Vélo électrique,Vélo,masculin,singulier,o
1567,369,Vélo adulte hors vélo à assistance électrique,Vélo,masculin,singulier,o
1568,369,Vélo enfant,Vélo,masculin,singulier,o
1640,358,Vélo musculaire,Vélo,masculin,singulier,o
1641,358,Vélo - hors vélo électrique,Vélo,masculin,singulier,o
16,265,Ventilateur,Ventilateur,masculin,singulier,r
1021,404,Vernis à ongles,Vernis,masculin,singulier,s
943,360,"Vernis, laque","Vernis,",masculin,singulier,","
522,125,Verre plat blanc,Verre,masculin,singulier,e
941,362,Verre à boire,Verre,masculin,singulier,e
942,361,Verre (ayant contenu une bougie),Verre,masculin,singulier,e
1038,174,Verre en carton,Verre,masculin,singulier,e
1202,175,Verre en plastique jetable,Verre,masculin,singulier,e
523,125,Verres plats spéciaux,Verres,masculin,pluriel,s
58,364,Veste,Veste,féminin,singulier,e
1111,370,Veste d'escrime,Veste,féminin,singulier,e
1907,225,Vestiaire,Vestiaire,masculin,singulier,e
82,364,Vêtement (propre et sec),Vêtement,masculin,pluriel,t
1063,363,Vêtement souillé,Vêtement,masculin,singulier,t
545,194,Vêtements de poupon ou poupée,Vêtements,masculin,pluriel,s
483,357,VHU,VHU,masculin,singulier,U
1006,365,Vieil appareil électrique ou électronique,Vieil,masculin,singulier,l
566,194,Vignette à collectionner,Vignette,masculin,singulier,e
1650,441,violon,violon,masculin,singulier,n
318,244,Visière de protection de bricolage,Visière,féminin,singulier,e
153,243,Visseuse,Visseuse,féminin,singulier,e
1350,366,Vitre,Vitre,féminin,singulier,e
1782,225,Vitrine,Vitrine,féminin,singulier,e
1177,423,Voilage tamisant,Voilage,masculin,singulier,e
1178,423,Voilage transparent,Voilage,masculin,singulier,e
1112,370,Voile de windsurf,Voile,féminin,singulier,e
1179,423,Voile d'ombrage,Voile,féminin,singulier,e
1850,225,Voile de fond de bureau,Voile,masculin,singulier,e
1285,421,Voilier,Voilier,masculin,singulier,r
484,357,Voiture,Voiture,féminin,singulier,e
558,194,Voiture non motorisé,Voiture,féminin,singulier,e
722,367,Voiture de course électrique (jouet),Voiture,féminin,singulier,e
1569,369,Volant,Volant,masculin,singulier,t
1628,400,Volière,Volière,féminin,singulier,e
1579,369,Vortex,Vortex,masculin,singulier,x
1570,369,Wakeboard,Wakeboard,masculin,singulier,d
992,29,Walkman,Walkman,masculin,singulier,n
939,368,white spirit,white,masculin,singulier,e
1571,369,Wishbone de windsurf,Wishbone,masculin,singulier,e